file	lines	need	english	complete
TS_1000	141	125	125	yes
TS_1010	297	274	274	yes
TS_1020	252	235	235	yes
TS_1030	246	230	230	yes
TS_1040	227	208	208	yes
TS_1050	251	229	229	yes
TS_1060	248	216	216	yes
TS_1070	388	360	360	yes
TS_1080	492	448	448	yes
TS_1090	532	482	472	no
TS_1100	315	299	299	yes
TS_2010	872	817	0	no
TS_2020	676	630	0	no
TS_2030	565	515	0	no
TS_2040	853	778	0	no
TS_2050	961	897	0	no
TS_2060	967	909	0	no
TS_2070	815	788	0	no
TS_2080	569	540	0	no
TS_2090	763	730	0	no
TS_2100	1037	970	0	no
TS_2110	197	186	0	no
TS_2502_mik	153	146	0	no
TS_3011	48	42	42	yes
TS_3012	81	78	78	yes
TS_3022	80	69	69	yes
TS_3031	63	55	55	yes
TS_3032	72	64	64	yes
TS_3041	109	102	102	yes
TS_3042	105	99	99	yes
TS_3051	101	100	0	no
TS_3061	103	101	101	yes
TS_3062	120	114	114	yes
TS_5011	155	136	136	yes
TS_5012	61	50	0	no
TS_5021	103	89	89	yes
TS_5031	115	100	100	yes
TS_5041	116	110	110	yes
TS_5051	113	101	98	no
TS_5052	278	272	272	yes
TS_6010	1227	1123	0	no
TS_6020	729	710	0	no
TS_6030	915	886	0	no
TS_6040	792	749	0	no
TS_6050	874	819	0	no
TS_6060	793	750	0	no
TS_9996	112	107	0	no
TS_C129	385	359	0	no
TS_D026	442	401	0	no
TS_D053	185	180	0	no
TS_D056	261	253	0	no
TS_D063	164	163	0	no
TS_D076	347	334	0	no
TS_D093	150	141	0	no
TS_D103	217	203	0	no
TS_D113	154	143	0	no
TS_D116	268	242	0	no
TS_D123	147	135	0	no
TS_D126	275	251	0	no
TS_E013	154	144	0	no
TS_E023	206	190	0	no
TS_E033	165	155	0	no
TS_E036	339	322	0	no
TS_E043	228	209	0	no
