message_id	ja_sha1	en	source
6021_010_01	e41b8708d4dd967734f1e305679b3f32959c4f24	H-hey, what happened...?! Old\nman! Everyone!	machine
6021_010_02	277245013b2653ec4412ae03eaa46c8f99281b87	Dammit... I can't believe Raza's\nship found us... I thought the\nbribes had settled everything...	machine
6021_010_03	e9baf6d2b2df05c0fe580cf2a4ca454c2270919c	I've finally found you, Mr. Heath\nBureau.	machine
6021_010_04	9fc3518d989748a9dd954fd5001361317fae0deb	...What... did you say?	machine
6021_010_05	c5f25a050f3282ef30e6f82d8c6d5dad11bf5847	I never imagined you'd be\ntaken in by the pirates of\nStardust Bazaar.	machine
6021_010_06	37b18adc1bf56c5b01989c9d69b12ce976d08c45	While it's helpful that they take\nin refugees, it's problematic\nthat they force children into\nillegal work.	machine
6021_010_07	7d1a7af4983e89286a68f5d0fddd6f91278cecbf	...Who the hell are you...?	machine
6021_010_08	f487dceb68acbf3184e5d9253a1dd962c16a5856	I am Lieutenant Jeanne\nMarswest of the Raza Space\nForce. Your parents have filed\na missing persons report for\nyou.	machine
6021_010_09	c4da8dd61b59351575a2ea6ca5bb309525381985	...He... Heath!	machine
6021_010_10	d4180e7a4f3a120400d4b8e0611e787101b2b916	...Ngh...	machine
6021_010_11	1fcf66fbbef530ac92ca7d0a0b1c7bf2e18433f2	Mmph... Ah, sorry, I must've\ndozed off for a second.	machine
6021_010_12	92cdc974e7327efe6e371aa9359f059fdaeff4dd	...You were having a nightmare.	machine
6021_010_13	c335ce09c7b232a4bffb251ae6c9b674afc25c62	Just a dream about the old\ndays. What, were you worried\nabout me?	machine
6021_010_14	c4fca98eedf47c28f89097f22f5931fbaa569c7e	...Your sleep-talking was\ngrating.	machine
6021_010_15	df1e79fe98e439a7a242e221702dc0ad2832cc53	Sorry about that. So, since you\nwoke me up, does that mean\nwe've arrived?	machine
6021_010_16	26fc2ab65e1826bd52fc2ceb44c38b52627930a3	...Yes. You promised to work.	machine
6021_010_17	de5d251db7a80ac6a38d87df4f66591516f8096d	Yeah, yeah. Hmm... so, who's\nheading down?	machine
6021_010_18	148ac1b32a61b3de7e56f27b707e3265094ef4ca	Euwin, Welch, and Karlyn.	machine
6021_010_19	cf00a23ec70955321757cc1a4829476d5de9b357	Who's the target and where?	machine
6021_010_20	91d6032d75e3b746e30bf8701374a8d0d15c5a94	Smugglers from Ober. On\n<font color=yellow>Rigas, a moon of Planet Incar</font>.	machine
6021_010_21	6677a82bb176c7112868717456407e9cf723a7d4	Got it. Well then, let's get to\nwork!	machine
6021_010_22	63722e9d2f74b605a24f21a52d52a8103d53e011	...Heath, just so you know...	machine
6021_010_23	db76e5b45aff5d7b6c14531d9b8adecaa37f6163	I know. I was part of the family\nuntil four years ago. My\nweapon is still the same one\nfrom back then.	machine
6021_010_24	bcad346627589e146395e164e9b2e6a085e6ddb2	...Then it's fine.	machine
6021_010_25	750c2ef350d0c12164732c7aa3e9e6c9c3d29327	All right, I'm heading out.	machine
6021_020_01	fe624e65468ca06f8e7a56b452c86764220d47eb	Another place that's nothing\nbut a lonely sight. It definitely\nfeels like the perfect spot for\na black market deal!	machine
6021_020_02	8c13ae05ca9da7636022c9406718363875040b67	When I looked down from the\nsky, I saw the ruins of a city in\nthe distance. It looked like it\nused to be prosperous, so I\nwonder why there's no one\nhere.	machine
6021_020_03	bc532fc38a3b9cb2ac422e74b0b041f647851e87	Well, there's a reason for that.\nSorry about this, but the rules\nfor these deals are a pain.	machine
6021_020_04	6ecdce123b22c82fe166f8c8e8905296b507511b	It's okay. I'm used to it; this\nhappens all the time.	machine
6021_020_05	d34bb9189d52fc9057c79b5c453e28afaddfd11c	Happens all the time? We've\nbeen walked all over the place\nfor no reason!	machine
6021_020_06	63627d0be68203542dbb08b16fc7cb741a591744	Besides, aren't we wide open\nhere? What if someone shoots\nus from those ruins and just\nsteals the goods?	machine
6021_020_07	966e7335f4488c83603816be0251dd370f7dc243	That's a standard tactic in\nblack market deals. It's to stay\nalert for authorities tailing you\nor ambushes. Sometimes they'll\nstrike from a distance.	machine
6021_020_08	d308d7554a85161567fe43fbedcf7f3209869a6a	What!? Strike? You mean\nattack us? Why on earth would\nthey do that!	machine
6021_020_09	3b302d296bb718b9262d935f2e8a77cf35352545	They might hold back a little,\nbut it's a way of deciding that\nthey won't deal with any idiot\nwho messes up here.	machine
6021_020_10	40dc3bf345fdfe001d18dd7e1f922f84234c69e8	Wow. It feels kind of weird that\nEu's experience traveling\nRubarika is actually useful in\nspace.	machine
6021_020_11	0cd166a26a7bd1d5e5b54986f3071614207e5cc3	Maybe it just means that\npeople never really change.	machine
6021_020_12	1ffb53e8e373cb3564fe89ae350a8d50d0470017	Now then, it looks like that's\nenough chatting.	machine
6021_020_13	39ba9113d090bbeb70f8c50a7084fd25aae5ee5c	Right on time.	machine
6021_020_14	3b59782f20659d9e57e6aa460fee870bcb7b4387	It's not Thornite, is it?	machine
6021_020_15	deda95b53d51ae8f6498fa7672a8a5b30294d702	Don't worry. It looks like...	machine
6021_020_16	14e11b44cd59837c19cff7e5074259f2097e0aaf	It's definitely our contact!!	machine
6021_020_17	65eda3d775c85ce38653b6a0c7a961880d301f8f	They won't ambush us, but\nthey should be pretty tough.\nStay sharp!	machine
6021_030_01	22a0a36873035cc215b191c1c629b68d924a1abf	Smuggler: Hehe... looks like the\nRose family still keeps some\nimpeccable skill on their side.	machine
6021_030_02	b332046f3562b64480e92c8c1dadc398beafaa26	...It's nothing special.	machine
6021_030_03	9238e736564462d0015372f661dd138b5dfdb85d	Smuggler: Don't be so modest.	machine
6021_030_04	37b7e7f3e73599a28a70da5cfd7f0550f8704d3a	Smuggler: Since the cargo was\nsmaller than I expected, I\nworried that Gartoga was\nfinally on the decline, but it\nseems I was mistaken.	machine
6021_030_05	3191da78fc9a54b6df9999616aa31dc1688fdbdb	Smuggler: I haven't seen Gems\nof this purity in years. How on\nearth did you get your hands\non these?	machine
6021_030_06	38ece964fa8c80f2fcd4e7072ca250aea13c789e	...Trade secret.	machine
6021_030_07	784df5fc566345fa6c26cddb6b1c59d4d8a64c26	Smuggler: Figures. I'd like to\nkeep things on good terms with\nyou people.	machine
6021_030_08	d66a1121a254d1f60c8d4e119e78dad0fcf1f8e1	Fighting creatures and\nmachines sent by the traders\nat every waypoint, and only\nstarting the trade upon\nvictory...	machine
6021_030_09	d8b1a35779a74048135952888f9bb91b0aa2730e	...Why use such an inefficient\nmethod? It feels as though\nboth parties only suffer\nlosses...	machine
6021_030_10	62c4a0455b21cece8aef1f0c10713e2e70d40581	That's just how smuggling\nworks in wartime. You never\nknow where the military has\ncast their nets. It was a\ncommon practice back in\nRubarika, too.	machine
6021_030_11	cf6f376d11d8a2fa2131804f7fc69cf7755812a8	We're in no position to defy\nLavarnia right now. Unless we\nsee a truly atrocious outcome,\nwe have no choice but to\ncomply.	machine
6021_030_12	a70b8901d73c020684ab69340bb998660017f828	...Coro, what do you think?	machine
6021_030_13	6f64cd9b3e0b6ebbfe5d1f09bc1245b6ae217c14	...So far, I have found no traces\nthat seem to belong to Ms.\nEve.	machine
6021_030_14	e42e6a37e521b7599b0f20f91ca2e65053bfd8c1	...I see.	machine
6021_030_15	01e887fd27dbeb3cd770e3788eb159f65fff7ab9	Tika. Keep your spirits up. For\nnow, we have no choice but to\nmove forward one step at a\ntime.	machine
6021_030_16	495c616a4b50192134fe7b956e1086d3f307827e	Yeah... you're right.	machine
6021_030_17	75a6c3b3c737da0f33ea0f64be5656d7ad188afa	Alright, we're back safe and\nsound!	machine
6021_030_18	b2a6966ea87e1436cf01109d3bd487a4a684591e	Welcome back, Euwin! Good\nwork, everyone. How did it go?	machine
6021_030_19	fa9e1a9f0298fa7b335e228c5a5dfb746097643e	...The smugglers here didn't\nknow anything about Thornite\neither.	machine
6021_030_20	93a2ef1f05f0eff403f13a1ed37db351e9a07450	And of course, nothing about\nEve...	machine
6021_030_21	bead666d4f257288d28a142de5b3e35aa7ec2b91	No, they didn't recognize any\nblack monsters like the ones\nGivel was summoning, either.	machine
6021_030_22	e42e6a37e521b7599b0f20f91ca2e65053bfd8c1	...I see.	machine
6021_030_23	15ff4f369424c19e177086f4796bf4f9a3151faa	I'm not sure if this counts as a\nconsolation, but I did hear\nsomething interesting.	machine
6021_030_24	280fd11c0982f75f1ae9baf7916804d81f33b93a	Apparently, over the last five\nmonths or so, Ober has been\npushing back Raza's army in\nseveral places.	machine
6021_030_25	ef8990d3d6a1bbfdd759be4dea1ceedee03022ed	He sounded quite pleased,\nsaying it's the most successful\nstreak since the war began.\nHonestly.	machine
6021_030_26	11ab92f653918eb796a32b8ef305cfabb45a3d1a	How is it actually? If the tide\nof battle shifted that\ndrastically, you'd think we'd\nfeel it on the front lines.	machine
6021_030_27	33827ae1e253124fc19f3966e811a7f130eaaea8	Well, the front where we and\nIsabel were stationed was\nfocused on attacking civilian\nspace stations.	machine
6021_030_28	e3d6f6c34c8b422842bbfc6207f8b26c8a9e6c4c	We weren't in a position to see\nthe overall war effort, and I\nhaven't heard of any place\ntaking a catastrophic loss.	machine
6021_030_29	d8214c25c102fedc2df1840b7541926f5e46ec98	Then again, it's possible the\ninformation was being\nsuppressed.	machine
6021_030_30	837dc87c06f70b26cd91cd14b4b213a7613d7340	Could it be that the reports of\nOber winning are themselves\nthe result of information\ncontrol?	machine
6021_030_31	644a1f88a3383391ccd46a7ccd776d9578ddd372	Perhaps Ober is simply saying\nthat to boost the morale of the\nmilitary and the civilians...	machine
6021_030_32	cc7fd2e430468ef339c5b12dcc4a861ef3264c69	No, that's not it. I think Ober\nreally is winning.	machine
6021_030_33	c7e9da1736f0a0762402b36efe2abe3ce44a8291	...I think so too.	machine
6021_030_34	dccd27ffdfa5cf0807779d0c64fae9cbef484b3d	How can you be so sure?	machine
6021_030_35	60291e4a6c311a2cc5502336c097950ba820573c	No matter how much you\ncontrol information, the price\nof money and goods doesn't lie.	machine
6021_030_36	d52ffca2d9db9060b5752f43933e1c15ca895dff	Even if they are smugglers,\nthose people are still\nmerchants. Business is\nprobably actually booming.	machine
6021_030_37	8423174b6b8e05b1c47a6be8b30b2a7552246b97	...I agree. ...Welch, did you used\nto be in business too?	machine
6021_030_38	aa69269ed3ae6f9407c3e78bacc916c862c15387	I was a blacksmith. The price\nof metal is directly affected by\nwar.	machine
6021_030_39	fb8d8999500fa818bd5c00a16ec9093b16e42fef	The prices would swing up and\ndown to an almost amusing\ndegree.	machine
6021_030_40	36f9ed01ba65a73c5aedc85c97dd0b1543f15a67	It's possible they're\nmanipulating information by\ncontrolling the markets\nthemselves.	machine
6021_030_41	adb23983f67bf72702cd8eb129152d5a8bbfcf0c	Even so, that would mean the\neconomy has enough surplus\nto absorb those losses.	machine
6021_030_42	9087515820dccbfbf9c13257738b3038622d785a	If even the low-level merchants\ncan feel a boom, I think\nsomething is really going on.	machine
6021_030_43	a7219adca40d5ab8f07a726221590dfd5d85b410	Hmm... I'm afraid I'm a bit out\nof my depth with these sorts\nof things...	machine
6021_030_44	369f6e64c6fa21b99bf93fa721daa38e08fcfc6a	I didn't know there were things\nyou weren't good at, Verda.	machine
6021_030_45	fc59abae3cc50fd57b9245cd01ea0a88e4bb1dc2	There are quite a few. To do\nbusiness, one must be able to\nread the hearts of the people,\nyes?	machine
6021_030_46	a6cabe454c4bbceb4285bfae2fe5f671b9d8ca0c	In that regard, I... couldn't even\ndecipher the heart of a single\ncomrade...	machine
6021_030_47	405aaf465e5c4664871981f73688ad4e16282d02	...Yeah. You're right... I wonder\nwhat happened to Eve...	machine
6021_040_01	d7589899295f5641b2abee45f0f535aa84ccf6bc	...Judging by the situation, it\nseems your companion... Ms.\nEve, has stolen our Gems.	machine
6021_040_02	e3608c63a04c6c803e48fa1bf7c5a10ac3ad5f6c	T-that's...	machine
6021_040_03	de1c19694e91189a0823be282811e15b5d203af1	...These are precious goods\nthat my family spent a great\ndeal of time and money\ncollecting. At this rate, lending\nyou a ship is the least of our\nconcerns.	machine
6021_040_04	91c6b27fe19e04f739274016ae5f3310ddb9ea5f	H-how much money are we\ntalking about?	machine
6021_040_05	a95e76a6fe06de64a9d30052fdd10ee081461e1d	If you think you can simply pay\nus back, you are naive.	machine
6021_040_06	b77a900caafeb94279437abebcbb2e7babdbb4d4	Even if we had the money now,\nwe cannot replace the goods\nmeant for our clients. The loss\nof trust cannot be measured in\nmoney...	machine
6021_040_07	45f89812e7a95aa0ead4526d6b723a40e525825f	Y-you're right...	machine
6021_040_08	8ca8c0d5d7a8993ee1f16afd383116f938a7be46	Practically speaking, even if we\ncaught Evelysse now, the lost\nGems wouldn't just come back.	machine
6021_040_09	2e6c7a66ce6d66bfd6f7805e53137c895e601db3	Her summons require a price.	machine
6021_040_10	080ac6e4c8653d0487c1236427dcdd71fbee0c4d	...You mean she already used\nthe stones?	machine
6021_040_11	b10e35dd744320cf8d8efb825bab8a96c55da750	That is the most logical\nconclusion.	machine
6021_040_12	647e8d902eceb62212070acdee05cd56eb7850ad	Ugh... T-then what are we\nsupposed to do...	machine
6021_040_13	5b75d617bcb8bf575cc95e8f617b362a552a93f7	...Lover. Right now, I've been\ncast out and left alone in the\nBazaar.	machine
6021_040_14	d17ac8fb86b545f7db6c9b4fad82241f53f20e6c	I'll start from the very bottom\nof the Rose family and earn\nback every single Gem that\nwas lost. So, please, let the\nCaptain and the others...	machine
6021_040_16	b7acc7f13eefbf39628ee56ac4c0b2e3b4a11597	Heath! You can't!	machine
6021_040_17	21120fa03bedc85471eab5140432fbd40d5cd676	Even in the short time I've\nknown her, I can tell that Eve\nisn't the kind of woman who\nwould just act lawlessly.	machine
6021_040_18	f12d417aa099780f0575ec901a34e557960c4ed7	But since things have turned\nout this way, it's my\nresponsibility for relying on you\nand introducing you to Lover\nand the others.	machine
6021_040_19	cfb4f9fc8107d33bbaca733266d80ad646ee862e	...How much do you think your\nown value is worth?	machine
6021_040_20	dc2218f76c23372409919710aa210a7d25ef805c	Even if you worked your entire\nlife, you wouldn't make back\nhalf of the Gems that were just\nlost.	machine
6021_040_21	a3b529609cb1d23cef1078cec8957e604dbc53a9	...!	machine
6021_040_23	58ab0e6e86fd36789eedc86533d461d153f67851	...Wh-what is it, Captain?	machine
6021_040_24	dd3f1100854d5622a9bd14c4475de0b6f2906dd8	Responsibility... Captain, you\ndon't mean...	machine
6021_040_26	1b4571197765cf1a3835f64a2999875ef181a60d	...Do you possess high-purity\nGems?	machine
6021_040_27	8d4ac3c94b4eaa164a56eb4a1140724003ad5143	You didn't even know what\nGems were in the Azurite\nsystem, so how can you claim\nthat yours are of high purity?	machine
6021_040_29	5fa0cfcb243ee986cb980ee091dec6cfe37958cd	...Fine. But you must have seen\nhow many Gems were here.	machine
6021_040_30	5aaaeeebdf5e784179b10e34531414c2ff6e47ef	If the quality doesn't make up\nfor the lack of quantity, I won't\naccept them.	machine
6021_040_31	9b1f800623c8d4afbff6c78672a24b61f5ada0da	If that happens, I'll have no\nchoice but to leave the final\ndecision to my father.	machine
6021_040_32	69565a06348507ee44aaa620152b95ee6d376658	I will not compromise. Be\nprepared.	machine
6021_040_33	9fd97ac39df6176decb04b4a3d679915b4889cf4	We didn't have nearly enough,\nbut Lavarnia went quiet the\nmoment she saw them.	machine
6021_040_34	eea55325175f7a26eff7b5b1115e3795005d68fc	Ricardo said he would not ask\nfor details to avoid\nunnecessary interference,	machine
6021_040_35	a0d2b83b564b0a764c3ae6f3a615990644137273	but now that things have come\nto this, it would be wise for us\nto understand how Gems are\nused in the Azurite system.	machine
6021_040_36	7e8048bab9671222f4af950237d79b5846baf8ef	You're right. If people are\nfighting wars and smuggling\nthem, they must be incredibly\nimportant...	machine
6021_040_37	d8bd512b82354f36404bab68ef882e82d794874b	W-what?!	machine
6021_040_38	150602a5d9af3411b6e1faf34c2417a9e1bd7663	I'm detecting weapons. A\nstarship is engaging in combat\nat extremely close range!	machine
6021_040_39	446d1d7402a79f67111790ef09a48548c1e3b931	What?!	machine
6021_040_40	2d5f70d40fa04acdbaa6d6ce4767746b37f42d0e	Don't tell me one of the armies\nfound us?	machine
6021_040_41	6e99296ce9c7f970b2a86cc1cb82088f32f3d612	No, there shouldn't be any\nRaza or Ober ships in this\narea.	machine
6021_040_42	3b8b685cbd62d239c6617f79129b186097da78b1	I'm confirming this with the\ndata being sent by Rekoro.	machine
6021_040_43	9e18311f4514a267f2433d559ebe3cef5ac70280	Valka, could this be the\ntransport ship from the deal\nwe just made?	machine
6021_040_44	ea8e1410fd27e2bec269db8946079e7958355944	It appears so. It seems the\nsmuggler's transport ship fired\na physical weapon while in the\natmosphere of the satellite\nRigas.	machine
6021_040_45	35e99d263b0eee3fec980d23edd86e44a75f0ea6	It was only one shot, so maybe\nthey just destroyed some large\ndebris...	machine
6021_040_46	7116a63ed9f9a3d5906f098346ab8d0c496f7d7b	...Wait, what!?	machine
6021_040_47	3408c3f7b07c2eea27b2ad7dbb55c10d52bbd1c0	S-signal lost! I've detected a\nheat source from the transport\nship exploding!	machine
6021_040_48	437b56fcf364a13a40c9031505afee8a35c8a0e9	What happened? Was it taken\ndown by a long-range attack!?	machine
6021_040_49	e3f63a7241d5fa3e7afea041d256ae081b8c77a7	N-no, that shouldn't be\npossible... For one, I don't see\nany such reaction anywhere...!	machine
6021_040_50	c93b6b965cf497bb1aa8a061c8fba9ed194fe508	Hmm!?	machine
6021_040_51	b8d3d6d8be6bca6347c518e19c1144bf121d9754	What is it this time!	machine
6021_040_52	5ee9977f81639c000b360292b2518adbfa6705c6	Well, I can't be sure since we\ncouldn't replace the Overman's\noptical sensors...	machine
6021_040_53	8ea1c693202e5c3b794aa4bb5a2301e02ed119fe	I've spotted a small fighter that\nappears to have attacked the\nsmugglers' transport. I'll put it\non the screen.	machine
6021_040_54	e9335321fdaba1b1a90b2848770dab2538db17d9	...Is that a fighter? It blends\ninto the color of space, making\nit hard to tell.	machine
6021_040_55	0309986f9d52e81ea24d101d13fa0eaf6b4948e0	If the other ship was shot\ndown, isn't there any evidence\nthat this fighter fired\nsomething?	machine
6021_040_56	db8818aadbd4285c15eb2d6d211ccb890a000aa3	That's the thing... I couldn't\ndetect any.	machine
6021_040_57	3e44edf45b3cf7657464c2bc3c034957121e07cd	I cross-referenced it with the\ndata sent by the AI Rekoro,\nbut there are only traces of\nfire coming from the transport.	machine
6021_040_58	6cff111f494e0b2baa0b6fc647d0b0d47a7f8941	As for the transport in\nquestion...	machine
6021_040_59	da6beee39f0a0e6c98a5fa17ca7ceaaab0c6e362	Ugh... look at this...	machine
6021_040_60	f7dee1d745207946da2f90c393071215ef7bc97f	The hull is completely snapped\nin two...	machine
6021_040_61	b234cf158794f2554edb7df91d51a4b7c172936f	There's no way anyone\nsurvived that. It looks as if it\nwere hit by a meteorite.	machine
6021_040_62	5b932f20d152acca6dcac669a54f945aea41186e	Can you tell which faction that\nfighter-like thing belongs to?	machine
6021_040_63	0f3d801d6bea03545f1d89a0096b510df2786d2b	First, I can't even confirm if it's\na fighter... but the shape\nseems similar to an Ober ship.	machine
6021_040_64	6e5e6991e704686f128cf54296e74347e5c37c76	However, cross-referencing it\nwith the Overman's data shows\nno matching vessels.	machine
6021_040_65	726d79fc340f17baef3bcc8719e38581187f18c8	...In Ober, many different races\nsend volunteers and\nmercenaries to the military.	machine
6021_040_66	ed749c0e37cbcb320ebf58d7bebf850aa168a6f2	It is impossible to keep track\nof every single ship, and the\nOverman only carries data that\ninterests me.	machine
6021_040_67	9ba7f1631ff5849c813145fae4daa28f6c099ac8	I would not rely on it too\nheavily.	machine
6021_040_68	80657e59a3bd7c748b8d1cfc27aa9db217c1a1bb	By the way, I have another\nunpleasant report.	machine
6021_040_69	0360bb0dec03e14ae270bf48032f2ae203d4eb5b	What else could there possibly\nbe?	machine
6021_040_70	732fd9c7a789f5061759fe61dbf36f28156cae89	About that mysterious combat\nship... it flew off in the\ndirection we are heading.	machine
6021_040_71	21b9cec43753630be8df7090e2ba27da00617403	Furthermore, it moved as if it\nwere tracing the ideal course I\ncalculated.	machine
6021_040_72	d640773473cb5ee470f8f1afa860701dd133aa0e	A mere coincidence...	machine
6021_040_73	99b209aa14a7a617c84d698e6fb975645614845e	...is something we should\nprobably not assume.	machine
6021_040_74	3bbfdfd1da14c4615641c85b0c900e3d1f6c7909	...Right.	machine
6021_040_75	787906dfbeab25cd6cb0a33b175cb7e19c137f21	There's no point in just thinking\nabout it.	machine
6021_040_76	4077b6df1c065bf5aaf18e41483ee0b7ffc466ca	Heath, Lavarnia. Let's head\ntoward that ship to rescue\nanyone on board first, then\nmove to the next point.	machine
6021_040_77	a94ace4c04a3effcd240e8acd8f223a043aead40	Also... there's something I want\nyou to tell me.	machine
6021_040_78	a05a006d3f16a453bf07f7e1891d7c2878c28804	...What is it?	machine
6021_040_79	f3a8e65870b32b7c0bebddf559eb4c7023fb2b2f	About the war between Raza\nand Ober. As much detail as\nyou can.	machine
6022_060_01	3d0d7b298a1f91b06f9246cc577a8bce925e3685	...Originally, Ober and Raza\nachieved space colonization at\nalmost the same time.	machine
6022_060_02	575fc214c575b24f49f2601cbe9f7d3dae1120a2	There are 36 planets in total in\nthe Azurite system.	machine
6022_060_03	c2f6b83874737519726de2bb373ff2159ca67b42	The planets in the habitable\nzone are Planet Raza and\nPlanet Ober.	machine
6022_060_04	86a8fa82bb66d324637d68c21c6cb98b900426ec	Next are the moon Rigas and\nthe Stardust Bazaar.	machine
6022_060_05	42a610c519cfee17a0aa7fcaa8436276e092ab9e	...And finally, <font color=yellow>Planet Lazuli</font>.	machine
6022_060_06	2384b8cf3db45bf525b03346532264b5ee351e91	Of these, only Raza, Ober, and\nthe Bazaar are inhabited by\nhumans.	machine
6022_060_07	a3feb12d646101b018d16c7846aa6ae6629f0cc8	And the planet that the old\nman from Gartoga\nmentioned―the one Raza and\nOber are fighting over―is\nPlanet Lazuli.	machine
6022_060_08	c99d66827aff397a398d2be411f2bc0842bd9c8d	<font color=blue>Lavarnia</font>: The moon Rigas was\na mining world.	machine
6022_060_09	c3d89cc6da63b22a5a0fe86964e055a49bc8a848	It was rich in Gems throughout\nthe entire planet, and Raza and\nOber, who had only recently\nentered space, shared these\nresources peacefully.	machine
6022_060_10	b20766143c02074d0dfafdd1a66ad4b6cfcd250a	<font color=blue>Welch</font>: But now they're fighting\nover Gems, right? Why can't\nthey do it like they did back\nthen?	machine
6022_060_11	e74bd85c186c49f6c2ea79f9f8b6cd9d444aaf18	<font color=blue>Heath</font>: That was shortly after\nthey first entered space.	machine
6022_060_12	16f9848b4571a9c0f487c9380c148b9e5e8eea4c	Back then, their starships were\nfar more primitive than they\nare now. Forget warships; just\nleaving their home planets was\na life-or-death gamble.	machine
6022_060_13	dc8d84b0ad4947afd56ee56f8039c4b93d6c5327	Both sides understood that it\nwouldn't be wise to fight with\nthe humans they had just\nmade first contact with in the\nsame star system.	machine
6022_060_14	caa2e28f8b320f85e9bd3d84f9419cf19ff4da60	<font color=blue>Karlyn</font> How ironic that they\nwere peaceful simply because\nthey lacked the means to fight.	machine
6022_060_15	3ef265c64fb3a6bd3699f1dc84556bba49a9ad18	<font color=blue>Heath</font> Far from having the\nmeans to fight, Raza was\nsuffering from a planetary\nenergy crisis at the time.	machine
6022_060_16	a98df2d0f1589e97973bf3ff6996a99b9fd7aaad	Apparently, the entire planet\nwas on the brink of collapse if\nthey couldn't get their hands\non Gems.	machine
6022_060_17	fed3156228be43a8c9139281e22e65f91a022cf9	In a situation like that, you'd\nonly be a complete fool not to\nsecure resources peacefully.	machine
6022_060_18	1077ba3fd1d75e96de895127229d80a3e9b13888	<font color=blue>Verda</font> It is impressive that\nthey were able to develop\nenough to expand into space\nas they have now, despite such\ndesperation.	machine
6022_060_19	fd29cff06f4535a305fcb28ddf12dfa41dd71a21	<font color=blue>Ricardo</font> But once Raza gained\nmomentum... wouldn't Ober\nhave found it impossible to just\nstand by and watch?	machine
6022_060_20	bb3b448f388b63b4687660cf3bb8633724cde437	<font color=blue>Lavarnia</font> Ober had its own\ninternal racial conflicts during\nthat era.	machine
6022_060_21	557cacf20981816f4ff3899f15f57dc349efe2e9	Civil war was raging across the\nplanet, and the success of the\nspace exploration project was\ndirectly tied to the success of\nestablishing a unified planetary\ngovernment.	machine
6022_060_22	69c9674c5c206507e3c8718f262d060c66ecaecf	They were in no position to be\nfighting with the people they\nhad just made first contact\nwith.	machine
6022_060_23	8379a13fca8524ec0a86ab162eb50fa810ee496c	<font color=blue>Euwin</font> I see. Rubarika wouldn't\nhave had the luxury of making\nother enemies during the Holy\nWar either.	machine
6022_060_24	49322a9d2b9af92e0f10a1755ca46e0377f14e48	<font color=blue>Heath</font> Yeah... anyway, back\nthen, both planets joined\nforces and got along well\nenough.	machine
6022_060_25	26af38765f39cc4d50bdfe38abfc4b627a19a09d	<font color=blue>Heath</font> Besides, the Gems\nmined from the moon Rigas...	machine
6022_060_26	1be343e54ecee29161100955071f5edba05b81ee	...were many times more\nefficient than the energy\nsources Raza had been using\nfor space development until\nthen. Because of this, both\nplanets saw a dramatic leap in\ntheir technology.	machine
6022_060_27	0813a48130d92ab0eabcb4bbf08898668beed05d	<font color=blue>Tika</font> So, you're saying they\nstarted fighting because their\ntechnology improved enough to\nactually wage war?	machine
6022_060_28	c216079c2a1c6d35260c27c541d38479bfb56494	<font color=blue>Ricardo</font> No, that's not the root\ncause. You can tell just by\nlooking at the current state of\nRigas.	machine
6022_060_29	825feb31e08377d43d135d4536efd8bd7a826e82	<font color=blue>Verda</font> I presume the Gem\nreserves on Rigas have run\ndry?	machine
6022_060_30	e351eb39552434693b50b8a88de606c983f56c2f	<font color=blue>Heath</font> Exactly. All that's left on\nRigas now are old-fashioned\nfossil fuels like coal and oil.	machine
6022_060_31	363f6389c7129953c98d02baf3311383ae1a021b	A society that's grown\naccustomed to Gems couldn't\npossibly function on such\ninefficient energy.	machine
6022_060_32	6366256e73ddac2421ccf4faf6d60c9d987de0c3	Once the Gems were gone,\npeople abandoned this planet\nlike a receding tide.	machine
6022_060_33	803f6ddee75fc547d2f711633f7c83811a6baced	<font color=blue>Euwin</font> So, Raza and Ober\nbegan fighting because they\nwere both searching for new\nGem mining sites.	machine
6022_060_34	0679287871d95f0bdf8a96a9b1757fedb0bc1697	<font color=blue>Lavarnia</font> ...Though it seems\nthings didn't turn sour quite so\nsuddenly back then...	machine
6022_060_35	4f0579ab13ca5429387b68b959ae8d8a461e09f7	The relationship deteriorated\ndecisively about 100 years\nago, after a massive new vein\nof Gems was discovered to\nreplace Rigas.	machine
6022_060_36	0ad0acf7a99e65ff835819164fcbed4fbf9093d1	It's a place you all know well.	machine
6022_060_37	67b52476eafe75b914c7c2df956a8fc4382d4557	...No way.	machine
6022_060_38	575c32859b5c2fac66906e0da18bbe718f0cefa3	The Stardust Bazaar!?	machine
6022_060_39	ac72cfd137aa9692dc56642024cae9bc4de66584	...Yes. An asteroid belt crossing\nthe habitable zone of the\nAzurite system.	machine
6022_060_40	7d797caa4076709964949f4deb01fef97ae78cef	Someone pioneered the\ndevelopment of that area.	machine
6022_060_41	47b9e07d98eeaa1192cc835d1295c172c194b4cb	Back when Gems first started\ngetting attention, he\nestablished Gem research on\nRigas.	machine
6022_060_42	4022f6bdd78c51ec7f009f4d1770d93091c894b8	The founder of the Stardust\nBazaar was a man beloved by\nboth the Raza and the Ober.	machine
6022_060_43	0003c4c5a805ba4f76dddc2f86cfbccb66bb0d12	Hmm...? You mean someone\nfrom the earliest days of Gem\nresearch was still around only\n100 years ago?	machine
6022_060_44	ffe1b41b1e066cb2e43a81efe02574a4143a0ff0	Gem research began hundreds\nof years ago, did it not? Is it\neven possible for someone to\nlive that long?	machine
6022_060_45	b99703f577d888392482922d5ef2212c4f9060cb	Some Ober races are\nlong-lived. Though, it's not\nexactly known whether he was\nRaza or Ober.	machine
6022_060_46	5d75afeadf2410b9a9d24fb2de032ff23f71d409	...He was supposed to be from\nRaza. However, records state\nthat his appearance was\ndefinitely not Human.	machine
6022_060_47	73f6d8607b7ba84ae42820b355ca57aa9b8b94fe	His name is only passed down\nas "<font color=yellow>Kevin</font>."	machine
6022_060_48	8d8d1b72e5f041c30cadd04d0f8358e1bfcf9d7f	And... the researchers from\nRigas led by that Kevin were\nthe ones who made the conflict\nbetween the Raza and Ober\npermanent.	machine
6022_060_49	21ecfd93c6e82de3f011e4794b653cf64e514442	...I see. So the people of Rigas\njust went ahead and made the\nStardust Bazaar independent.	machine
6022_060_50	dc7c8102819ae6ef89dc432bcc77633f33a3fb7e	I see. This satellite is roughly\nthe same size as a normal\nrocky planet.	machine
6022_060_51	c2c55b006acfb9bc110057edf00c6fa2deab6f15	If the population rooted here\nmoved as a whole, along with\nthe Gem mining technology,\nindependence would be\npossible.	machine
6022_060_52	f8b82e7147ad81c4f8e79725666ee82d682be8c9	But why do that all of a\nsudden?	machine
6022_060_53	936bde76e3976d35eff1ed531cc21087caada8cd	It's obvious that doing that\nwould cause problems for both\nRaza and Ober.	machine
6022_060_54	2252d8d64892ff9375308a9d69fcc2381555d170	Normally, wouldn't Raza and\nOber have teamed up to stop\nthe independence and turned\nagainst the Bazaar?	machine
6022_060_55	59a797bbdd134288dd13364757741ad2a42806e5	Monopoly.	machine
6022_060_56	5590ff8011105dbc9611adfe36ab2f63edc164d3	Huh?	machine
6022_060_57	33520cbb9120cf6f386f83212a4636dae3218b95	If that story is true, it means\nthe Bazaar ended up with a\nmonopoly on Gems.	machine
6022_060_58	cded412a5c7e5693616a51747c7a4ad5879b673d	They had their throats held by\nthe energy supply. There was\nno way they could fight back.	machine
6022_060_59	50daf69772a7fb3d39bed42145bd63cef549497f	In other words, no one is\nstupid enough to pick a fight\nwhile saying, "Give me your\nfuel."	machine
6022_060_60	bd290bd109e2a2b31c5ba34c67a9151cb85a44cf	...That makes sense.	machine
6022_060_61	5e65db614c1d9f5a938729ed2e4279c9cd543a44	I don't understand why Kevin\nforced independence.	machine
6022_060_62	454e1a3d36ff986179b5a047a444e2327614572f	But it's a fact that a great\nmany people followed Kevin.	machine
6022_060_63	146999cf250618420ebe3e85faffe9f4ee4026e3	As a result, a three-way\ndeadlock was established\nbetween Raza, Ober, and the\nBazaar...	machine
6022_060_64	f011beff2930a45a998223e493f0177efc354276	...But.	machine
6022_060_65	4419520727474f21000a2a307501f3af5939462c	That's when, twenty years ago,\nthe issue of ownership over\nthe planet Lazuli suddenly\ncropped up.	machine
6022_070_01	b99c6bf21f5d49108b8de43588eeb8ce125ba223	Planet Lazuli is a world of sand\nand wasteland. It has no\nunderground resources, no\nplants, and no water.	machine
6022_070_02	3cdb3dd859157f6a9b6842d37c36cba2d2ca42fc	Only the atmosphere was of a\ntype compatible with the Raza\nand most Ober,	machine
6022_070_03	431e19b4192ca1eeb82040db5f225a7aa07f5ba5	but it was judged to be entirely\nunsuitable for habitation, so it\nwas ignored from the early\ndays of space development.	machine
6022_070_04	053c870e8c8e5dc84e4050548b326ad128f67d74	What? There's an atmosphere\nthe Raza can breathe, but no\nwater?	machine
6022_070_05	f0d25525223ffeb69d5fbb57720e7612ad564a6e	That's right. I passed by it\nonce on a mission, and it's a\nlonely planet of nothing but\nreddish-brown.	machine
6022_070_06	aceb6e8488c3f2485c45528c0ccc59c2d68c4837	...I see. That's strange.	machine
6022_070_07	7dcbee93c9a6eb03a3e6edbb3d26c229875e4a00	The Bazaar didn't pay any\nattention to Lazuli either.	machine
6022_070_08	594f0431b912d563ff3497447851ee4776750380	It's too far to be a relay point\nfor starships, and there are no\nuseful planets or resources\nnearby.	machine
6022_070_09	189d133d9a7fc1c2818a5380e80e5e6e217d9080	So, in truth... the Bazaar\ndoesn't actually understand\nwhy the Raza and Ober are\nfighting over Lazuli.	machine
6022_070_10	8ffee4aa9914ef4199040c6fa13710677d7ca87b	Huh? Are you serious?	machine
6022_070_11	d07aa198dfac0362244eb11ef274faf50d275125	Dead serious. To be honest,\neven as a former member of\nthe Raza army, I was never\ntold a clear reason.	machine
6022_070_12	601d8e91533a4eb202a5331ce6220d3db6a33265	Officially, within the Raza army,\nthe story is that it's to secure\na bridgehead for outer space\ndevelopment and to search for\nnew Gem veins... but that's\nabout it.	machine
6022_070_13	60a41aa5f833c5d07fa7718b344db63ef7dc4fa8	Even the Ober refugees who\ncame to the Bazaar didn't\nseem to know why Planet\nLazuli was necessary.	machine
6022_070_14	22eb375ecb9208e96f74e2040b68c8bed61afaa9	You've gotta be kidding. You're\ntelling me they've been fighting\nfor nearly 20 years without\neven knowing what they're\nfighting for?	machine
6022_070_15	43f87cab442e806175f00e7aed890a93df10eb3d	Yep. The cost-performance is\nabsolute garbage.	machine
6022_070_16	356edd882407961fed35580099bfc77e468baf52	Honestly, I think it would be far\nmore economical to just\nhumble themselves before the\nBazaar and buy Gems.	machine
6022_070_17	99041c69ac2ad22d72d9d598edb30050addc6983	People actually feel that way.\nEven within Raza's army, war\nweariness is starting to set in.	machine
6022_070_18	7a54587494fc926d1762af68119f48e10d8101d0	Regardless of the reason, once\nyou've kept it up for 20 years,\nyou can't just stop even if the\noriginal problem is solved.	machine
6022_070_19	3af15fce8a18f5ad5fab98fd5898be554081d545	Not after they've spent all this\ntime killing each other.	machine
6022_070_20	6e31e83b47a1b6084af98a2df9c3f14e4c0631ff	...Yeah, that's pretty much it.	machine
6022_070_21	d643fce33978ba5f9ca4c816edc6b8b8f8f61159	Hmm. In the end, we still don't\nknow what Raza and Ober\nactually want from Lazuli...	machine
6022_070_22	c02309b40df893aea20044d6d390819568d68a51	But I finally understand why\nthe Bazaar can afford to just\nstand by and watch while the\ntwo fight so fiercely.	machine
6022_070_23	693efd9fa034828a74e19674945abd2286c9330d	And why Lavarnia's father\ncalled it a pathetic little planet.	machine
6022_070_24	86fb1ee9d1a3a8e9ac087f050e2c6f130feda294	But even if it's that kind of\nplanet, there must be some\nreason why Raza and Ober\nhave spent 20 years fighting\nover it.	machine
6022_070_25	92cc12dc04345963b4b5ab865c7ecc6e37c4640e	*Sigh*... I just hope we don't\nend up having to visit Planet\nLazuli at some point...	machine
6022_070_26	60b6123ef5b0300086d2cbd0a9c81854d0024559	"Captain, we've arrived at the\npoint where the smuggler's\nship was sunk.	machine
6022_070_27	6950007d7622f8ea2100a42159d10f16fb3521c0	...Unfortunately, there appear\nto be no survivors. I need\neveryone to come to the\nBridge."	machine
6022_070_28	2b6ea46ef8df6800d6c0ca494114bda5d65e9353	Understood. That's enough\ntalk, let's go.	machine
6022_070_29	8400e160df636e016719c10792dcd9a36fc31338	...Karlyn.	machine
6022_070_30	099228cf66b87b133b1af027347235d9f6865140	What?	machine
6022_070_31	f27835680d5b07a9db6286b2d198df44b4b7d2ce	How many more years do you\nhave left to live?	machine
6022_070_32	00175b5d8029b6d7cd00cac676401460a6529ddf	Huh? Where is this coming\nfrom all of a sudden?	machine
6022_070_33	32b1b09dbee63e2dca33ba5d8adcdfaf08708c0a	The Holy War is finally over,\nbut then again, in the future...	machine
6022_070_34	ca8b5de504c3ce95b95e1b120628b5aa9be037cb	I just thought it would suck if\nsomething like this happened in\nthe future Daftine, where Tika\nand the others are born.	machine
6022_070_35	7f10e98b8b288d85756888196e2361d6285259b5	...200 years from now, huh? It's\nactually quite possible, which is\nthe problem.	machine
6022_070_36	494b27a07e250ac2c54968956260ddda80df2851	Don't call it a problem.	machine
6022_070_37	0f8ce65b468016f40d94fdcaad6d298f497ffc63	Still, I'll leave everything to the\nothers once you've reached\nthe end of your lifespan.	machine
6022_070_38	fdd271d2c285d1a91eb8e1d931e718530813532d	Until then, you'd better do your\nbest. Though, I suspect you\nwouldn't even die if someone\nkilled you.	machine
6022_070_39	3b4757492f94d82f9a959eda1b653b310cee5aa8	What exactly do you think I\nam...	machine
6022_080_01	5def34d50ea27f7c817d19256eeaefc1df463a3f	This thing... Just what on earth\nwould have to happen for it to\nbe broken like this?	machine
6022_080_02	28d3e7ee7dc439d1ac11e82076893555d0527d2b	It's been completely snapped in\ntwo.	machine
6022_080_03	241898d6d0e9da25333f3021b15febfb7cc98a12	I scanned the fracture point. I\nhave determined that these\nare signs of a tear caused by\nthe impact of a collision with a\nmassive object, not heat.	machine
6022_080_04	a6163ed524dc2f98000e4b1f65c098227556b34a	So, you're saying it was an\naccident?	machine
6022_080_05	e01153d8cb9cee0db441e3328427f2986522d056	I can't rule out that possibility.\nHowever, there is one strange\nthing.	machine
6022_080_06	0755d077217e3a42fe5b462a00407a6cc6fdf1a1	A large amount of a specific\nsubstance was floating only\naround the wreckage. It was a\ncomponent not found in the\nsurrounding rocks or debris.	machine
6022_080_07	5b086122cc05588492fde030fac0869f61bf9502	I'm running an analysis on it\nnow.	machine
6022_080_08	7afd0a8220f00e5114001d4d82a3a7ec60722b76	Administrator Koro is pushing\nthe Overman's component\nanalysis capabilities to the limit\nto investigate the substance in\nquestion.	machine
6022_080_09	fbdac3eb1269072c1f569d7675f84a82bd92511b	It will take some time as data\nmust be exchanged with AI\nRekoro, but I expect it to be\ncompleted in about half a day.	machine
6022_080_11	62189985e8206daa1985b0b1269c26d8125b7402	No, we're leaving the wreckage\nhere. If it was a proper ship,\nthe black box should continue\nto emit a signal for a certain\nperiod.	machine
6022_080_12	f6be29332673cc266aed43956ad32fb11c65a8f2	All we can do is pray that\nOber's people pick it up.	machine
6022_080_13	5be493815d76fd10259e14a4439da66be32cfbf0	...It can't be helped. The\nOverman is a pirate ship, and\nthe other party were\nsmugglers.	machine
6022_080_14	a3278ed8f4b9619254fa4e5b8a2ee2ac35f005ac	Both sides know that in the\nevent of an accident, they're\nprepared to become space\ndust.	machine
6022_080_15	5981297c0028de38e80a81f08e61b02a504a8688	One wrong move and we could\nhave ended up just like them...	machine
6022_080_16	ea8eefec6fa77839ab53a23e81ea2121c3832d08	...It may seem heartless, but\nwe'll recover those Gems. If\nthey can't take them back, we\nmight as well put them to use.	machine
6022_080_17	9fb2c4d75e52ee7eeee17f8435928079589fda3b	Actually, about that―I've been\nscanning the area, but I can't\nfind the container that held the\nGems anywhere.	machine
6022_080_18	4e48b2f03bb677f37335c79698793585f05edb66	...What?	machine
6022_080_19	20769f820df94e4f6fa625e8a20bc469a10feefd	The impact of the sinking may\nhave sent it flying far away.	machine
6022_080_20	3166f1b7efce1229a8bd1de797b60d5f2058bdbf	Unless the container has a\ntransmitter, searching for it will\nbe impossible.	machine
6022_080_21	dcb5f7b691d3c1706925cde8d76cd0d10eaf8f59	...What a waste.	machine
6022_080_22	7c373d0115b5e5e1a935290f6007d96b36dffdbe	Talk about being ruthless.	machine
6022_080_23	f3389d3477835b54ebc6097131ca09acaaab635d	It can't be helped. We have to\nmove to the next point. For the\nsake of not letting their\nsacrifice be in vain, we'll\nproceed with caution.	machine
6022_080_24	d4c379a1388f77c9b5ee3a8f59dd777ae8aa67ad	So this is a sample of\nwhatever crushed that\nsmuggler's ship.	machine
6022_080_25	38983cf7d422d1852805fcdf00f8184c540253c5	I can't say for certain, though.	machine
6022_080_26	5a609aa607c87fb563fb319f277ac270fd2e6c8a	It's much more brittle than the\nsurrounding rock, so unless it\nhits something at an incredibly\nhigh speed, I doubt a clump of\nthis would cause much of an\nimpact.	machine
6022_080_27	b91a3dfe8125b3741ba559b8adf88960521b8a56	I see... it certainly crumbles\nquite easily.	machine
6022_080_28	b2ce2d03834e597fc91a9f37541133f8bfff74d0	I wonder if I should have made\nsome hardware modifications\nto the Overman...	machine
6022_080_29	ffebb77dba501e273c13ad8f760de781ff98b28b	If you treat it as if it's the\nsame as a GFSS-3214F, you\nend up with all sorts of\ndelays...	machine
6022_080_30	5dc245e6d6be17b45c3d03b75ad6f485f12de169	I don't know how much longer\nthis composition analysis will\ntake. Verda, could you give me\na hand?	machine
6022_080_31	4bb95d9c07c9deee003c6498eb67d6823bb53bc3	I don't mind. Let's see... this is\nindeed a primitive composition\nscanner...	machine
6022_080_32	4c9755e66c37aa0a76d44580696c80f9cc37d35b	Isn't this a silicon-based\nsubstance?	machine
6022_080_33	612f6299e08c91e95b557569f3a35ed4c9d2d99e	Hmm?	machine
6022_080_34	eedc1cd1b96d1bbede7ce10ce1855d3dc8069ae2	What? Silicon?	machine
6022_080_35	631a13df7bc66706d6630ddf3c8f226ebc7300c8	Look at this section. It's\nidentical to the silicic acid\nformed inside plants.	machine
6022_080_36	76dd4822abfe0aa10e5dea72390000dcfd87e69b	Can you tell just by looking at\nit?	machine
6022_080_37	85180fc84dd2d13de81f4ef5edcfa955673ac91d	On Ex Giva, we had to regularly\nimprove the grain-based foods\nwe grew.	machine
6022_080_38	aca3e5e1096713e3d5b9d1c254c5b3cd1a08ffc3	Silicon is essential for a plant's\namount of photosynthesis and\nfor reducing stress,	machine
6022_080_39	e237f15fd6602da6efa039c9eaafbc9750901628	so I had to adjust it quite\nprecisely to match the changes\nin the plants themselves and\nthe traits of the races\nconsuming them.	machine
6022_080_40	5557a916dec5740c229747ca33107aba08409694	Start your identification from\nthe silicon-based molecular\nstructure. It is likely a closely\nrelated substance.	machine
6022_080_41	ce65f4bf2cd9eb470dcfe53028614e38971d754e	Understood. I'll give it a try.	machine
6022_080_42	6c154286044f5574c4d3cef39f04c2666f7b9cd3	...Still, though.	machine
6022_080_43	612f6299e08c91e95b557569f3a35ed4c9d2d99e	Hmm?	machine
6022_080_44	a4dd8d609cfcbb7a7a6b3ea5a6d53507f9db724f	How is it that you can do such\ncalm analysis, but then you act\nlike that whenever you're in\nfront of Eve's or Karlyn's\ncrests?	machine
6022_080_45	3ee24abb5124c402a0ac4423ba3cbac1380031f3	It is the difference between\nthe known and the unknown.\nWhen people try to move\nforward by their own power,\nthey often struggle\npathetically.	machine
6022_080_46	1aa41854051f74e08131ea396a17419878577adb	I feel like it's not even on that\nlevel...	machine
6022_080_47	778f77c30dd513313507e771d4d97c343710761f	If you are too rude to me, your\n"points" will start piling up, and\nyou'll be in for a treat when we\nreturn to our ship.	machine
6022_080_48	b45c96a1ad3e9e268579b229e1e48f1e071fec21	Ah, that mysterious point\nsystem... it brings back\nmemories! I'm going back to the\nanalysis!!	machine
6022_080_49	80b136022492462c58e7556a950ff2356a7347dd	Running away is futile...	machine
6022_080_50	b3a1688b11ac11ae0fd34b52e0423e54e780524f	But even if it is a silicon-based\nsubstance, I wonder why\nsomething like that was\nfloating.	machine
6023_100_01	a7f6aed4619f80547170a9b8159c7b1adad6cfc8	So the next point is the last\none. I'm glad there haven't\nbeen any major troubles since\nthe first incident...	machine
6023_100_02	703cedc8810745878d4e01777f63c709a5b97ae4	To think the final hand-off is on\nan asteroid near Planet Lazuli.	machine
6023_100_03	cde958c97134377864ef2139238d9d6698a8cad9	Is it really safe to trade so\nclose to such a heavy combat\nzone?	machine
6023_100_04	f414e9a81842e0440fc16bf528c27503d31d2ffb	...The hand-off point itself is\nfine, as I made sure it was\nspecified far from the\nbattlefield.	machine
6023_100_05	4ca56f11bf96c669e7596bd0faa8aba64171739f	Besides, the next contact isn't\nsome low-rent smuggler like\nthe others. The reward is\nexceptional for that reason.	machine
6023_100_06	500d23915a725dc40a7525ab2be714cbfb34a027	Which is why I'm being\nselective about who goes for\nthis next trade.	machine
6023_100_07	18dc759abe4accf466c53fb3abcc80f14ceed330	Is it not enough to have me,\nEuwin, Welch, and Karlyn like\nbefore?	machine
6023_100_08	94b918d994ad33a5a684cd4a800d9af49edef361	...You stay hidden this time.\nAnd if possible, the Captain\nand Ricardo too.	machine
6023_100_09	a119fca24b2a451e96b7863bd3deb815af477980	And why is that?	machine
6023_100_10	ff71d9414d07da84f03546af3507d9efb9c78cf3	The next contact is the Raza\nSpace Force 5th Fleet.	machine
6023_100_11	a688fe1b4128b3775563695a534fc26d83e6a7cc	You and Ricardo look like\nsoldiers at a glance, so it\nwould be a bit troublesome if\nyou were spotted.	machine
6023_100_12	840fa4f3da0d7b5851383de85eeb5fb613573562	The 5th Fleet!? You're dealing\ndirectly with the military! Aren't\nwe going to get seized!	machine
6023_100_13	07363668deb905fa3188272417ddc1edbb7d7eb4	...That won't happen. We've\nbeen doing business with the\n5th Fleet for nearly ten years.	machine
6023_100_14	88d2adc9f6a8adf35544340facfc08e9b15bb7f6	No, but... what if something like\nthat time happens again...?	machine
6023_100_15	1ea22892cb8bcddefff0f1f9d9cda28089ce0cab	...I can't believe you have the\nnerve to say that.	machine
6023_100_16	49830926bb53ca6d9fa689f2e5aae6136519089c	Ah, well...	machine
6023_100_17	8536a117f237e97872db26a2d02aec99fa47428a	...I've looked into that woman's\naffiliation.	machine
6023_100_18	ef53203bdab8494dd4ac61082cf5041426124708	The 1st Fleet. She was a\nsupervisor for the front-line\nunits.	machine
6023_100_19	87d798555888863a59ca1e826b8289caedc49c60	You could call it my father's\nmistake, I suppose...	machine
6023_100_20	09377b16d0ae0043e7942e2e5d3899913acfd78d	Since then, both Raza and\nOber have only dealt with\npartners they can truly trust.	machine
6023_100_21	7a266f234abba7fb1bcc346b37a45334dcf1762f	It's made things tighter\nfinancially, but you can't put a\nprice on safety.	machine
6023_100_22	823fd6fcd64b3100cb2e5f964f459061fb821e69	I-I see.	machine
6023_100_23	ea271f79082d27f715fb07d449fb95fd6c80be56	So, even if you return to that\nwoman, please don't report the\n5th Fleet's illegal trades.	machine
6023_100_24	12b2eeceb81bdb0f98e4e3bb058200bb2fac3cea	The money from the 5th Fleet\nis what keeps the refugees at\nthe Bazaar alive.	machine
6023_100_25	e59771ed906bce37fc438362e8cd60c660cf5146	It may be illegal, but it's a\nreality we can't change. Please\ndon't forget that.	machine
6023_100_26	2be6b7cc4e72145117f9c1afa7a65205fe93f94c	...I get it. I know the boss's\n"purity" isn't that kind of thing.	machine
6023_100_27	4127ef16d690b4b535f0e893c1a77558c118263d	I wonder.	machine
6023_100_28	45fa2bb0361971cf841c99c2f9c3e7e93928adf3	So, you're taking Heath out\nand just want the three of us?	machine
6023_100_29	ef0f11d6765ae0db1e86dd74958a4593f3af7d31	...Truthfully, it would be\nreassuring to have you,\nKarlyn... but we need to carry\ncargo onto their ship.	machine
6023_100_30	1df9bac50ea7fbdf73d7856093c5c70655d16359	They likely won't let Karlyn of\nFoxtail inside.	machine
6023_100_31	a706bb7cf134a1b50c00597c10a13f5d47af0897	That's why I want to ask Euwin,\nWelch, and Tika.	machine
6023_100_32	10296ea4d866ea8dfc47a14fdfb1dfd4d751a62e	Got it. Is there anything we\nshould be careful about?	machine
6023_100_33	1f417c9c0a63504710aa3bc2fb29e6cf13e93934	...As long as you don't go\nanywhere other than the\nloading dock, you'll be fine.	machine
6023_100_34	0081b99d40cf75a06d6f30fa215e7c6a4a290a43	In that case, I feel like Welch\nmight be better off staying\nbehind.	machine
6023_100_35	894f2e19c24ae8dc2fb3e918e02f8aeb73f4c18c	Listen. Do you really think I'm\nthe type to say, "I want to\ndismantle Raza's starship!" at a\ntime like this?	machine
6023_100_36	b71d79d5b7f6d89f8c1e8f4393003544b9d32d85	I think everyone's thinking it.	machine
6023_100_37	088beb7f2cbbdf501f7ab4a9035a18e928004759	Of course I wouldn't say it out\nloud. I'm just thinking it in my\nhead.	machine
6023_100_38	e83c5e69ff99c74a25fa675ca2947e2e81d3eb6f	So you still want to dismantle\nit.	machine
6023_100_39	b024a0da4112bbc00b32feabe98c00b9be9bea0d	...Please, nothing dangerous...	machine
6023_100_40	199969c8829c23a3b9493adb3cc7a23eed06ed86	Oh, it's fine, it's fine. I won't do\nit. I'm not going to interfere\nwith someone else's business.	machine
6023_100_41	fc82f98ed33a32a8586a6a5f65f0c43a50511b0f	That's true.	machine
6023_100_42	facc47ec4a1ac7a5a62f1b4dd26ec950bbdc0189	Eu, stop pestering me!	machine
6023_100_43	542c62bd98bef817c52427b0802ccc83e368f59b	So... once that's finished, we'll\nbe able to fly freely through\nthe star systems in the\nOverman, right?	machine
6023_100_44	72b02fa1f303524c2eb9f1ee03ffaa35326174ec	...I will keep my promise.\nHowever...	machine
6023_100_45	5e1fbc95e1d11698d45b3395839b1111b0e5324c	Of course, we will take every\npossible precaution to ensure\nthe safety of the Overman!	machine
6023_100_46	ea1071a8a63291a3e921f1bbffcf2617dda31074	Very well.	machine
6023_100_47	ad586ed5c1320c73df38d7f9fea4a84fb03a9091	Now, I'm not sure if this is\nrelated to safety, but I thought\nI should report this to\neveryone.	machine
6023_100_49	6b13f9bdaa39aa86ef2e1efe94845676de13fe41	What is it?	machine
6023_100_50	ce8d72b0e5ec6971a49865dd0bb6250c44be0431	I've identified the substance we\ncollected from the site where\nour first trading partner was\nsunk.	machine
6023_100_51	93c01afd1b9553f69646efd4580a9d44ee8fb76f	Just as Mastima said, it was a\nmass of extremely high-purity\nsilicon.	machine
6023_100_52	c6c3fdbf63fdd12f5adc677d6ec92704bc8a4cf2	You may worship me.	machine
6023_100_53	fb84e18326a63c91abe41a38595e08349eded156	I'll pass.	machine
6023_100_54	afe453a47ca3dbba0c20ef0e06218b318ebeaff5	Anyway, we've collected similar\nsilicon from every single\ntrading point we've used so far.	machine
6023_100_55	8cc3dce1f5e96a176b08300a2ce4bdc17efcd235	It doesn't necessarily mean\nthere's an immediate danger,\nbut since we still don't know\nthe cause of the first accident,\nplease remain highly vigilant.	machine
6023_100_56	59ae4fc7aa0dedd433629176dceb5336fc5cd961	I'll also increase my\ncommunication with Rekoro to\nkeep a close watch on things.	machine
6023_100_57	407f9917a3580b9d21c24464d01f4d3166d52dde	...Understood. Henri, Valka,\nplease keep a lookout around\nthe perimeter.	machine
6023_100_58	e3168b8883465587c64d676325e8db1e5177ed04	Roger that.	machine
6023_100_59	e8c7cd9a5ba4bbc5ba11c4b02fd528ac63d9144d	For future verification, should\nwe collect similar substances\nfrom the surrounding space\nnow?	machine
6023_100_60	92e969ce22660dd9bfdf37941bad179d17960925	Don't. Avoid making any\nstrange moves when dealing\nwith a warship. If you're going\nto do it, do it after the trade is\nfinished.	machine
6023_100_61	7de169436dd78774cbcafc1ce75d8967f425798a	True. Besides, it looks like the\nother party has already arrived\nand is waiting. Is that their\nRaza ship over there?	machine
6023_100_62	ae6c8a0f8ce0e7d06e2cf03fcbd1c1e2be5fd11f	...It seems so. ...But it's not the\nship I expected.	machine
6023_100_63	5590ff8011105dbc9611adfe36ab2f63edc164d3	What?	machine
6023_100_64	e7b39d114a179dbd9ab03fbd46e163e7600cdce3	The trading partner's ship is\nusually a small, high-speed\ncombat craft, but today's is\nhuge.	machine
6023_100_66	863c5dc1938eb5ea5f84b07dbf51baeb09819264	Whoa, whoa, whoa, are you\nkidding me? That's the <font color=yellow>Battle\nShip McKinley</font>. Lover, are you\nsure that's them? That's the\nflagship of the 5th Fleet.	machine
6023_100_67	27baf873160fb6583b5b0f66184988dca17d9f09	...Receiving an encrypted\ntransmission from the target\npoint...	machine
6023_100_68	b7e1f1eba2e28eddea3159c1e67e7f0dedac0589	Lady Lavarnia, it is the\ndesignated encrypted\ncommunication. There is also a\nmessage addressed to the\nRose family.	machine
6023_100_69	89e7d3b6648b4c8277e28e961142868aa53be46a	...If the encryption matches,\nthen there is no mistake; that\nis our trading partner.	machine
6023_100_70	ca6bad454a21e9e4bd6324a4b4f30cba7e88df1f	...Well, as long as that's the\ncase.	machine
6023_100_71	51f6c3b87273e6aefbac8e2266f615a17e6b20e3	Things like this happen\noccasionally on the front lines.	machine
6023_100_72	3d3ba92cf23963a776fd4ed73404d1c0903d301e	In any event, as long as they\nfollow the rules, we cannot be\nthe ones to break them. Valka,\nreply and approach.	machine
6023_100_73	277689dca03b549c657c6084400dab916e274a9a	Understood.	machine
6023_100_74	22f82e314e61cfab19c23c1f1cb483a2827110d9	...Welch, Tika.	machine
6023_100_75	a3e29a3ad0ec9c71e953032984e4c33217128458	Yeah?	machine
6023_100_76	1db91c1b76bb30ce40f07bdd987344d3b645b84c	Should we stay on guard?	machine
6023_100_77	71553d736704614d6a3542d0896873933910dc05	Honestly, I've got a bad feeling\nabout this.	machine
6023_100_78	39df5a0f550307a6e46cacb8bd31df815ecff4f9	What's with you?	machine
6023_100_79	94ca3f1ef90a18faac86a6823a8521f1ae4cc86c	Look, in my experience, when\nyou see something unexpected\nduring a battlefield\nnegotiation... the bigger the\ndiscrepancy from the plan, the\nworse the outcome.	machine
6023_120_01	9025568d49b7f6220ffcf56d8dc89f6546463b21	...Here is the sample for this\nshipment.	machine
6023_120_02	578262792deca63a46822cad85f174cd6fa1141a	Captain McKinley: Hmm. This is\nof much higher quality than I\nwas led to believe.	machine
6023_120_03	f2efe1ed04bd8ea9c2b22c9cf35f3022e5ca5419	...I found a better connection\nafter the order was placed.	machine
6023_120_04	357929a3f426bd47e8bcaefa6355ab88b9be9bd0	Captain McKinley: You seem\nfar more capable than what my\npredecessor told me. Splendid.	machine
6023_120_05	7c3db8b6d9f3f3bfc92f099f9070d3bfe15e74b7	...Are you satisfied with the\ncontents?	machine
6023_120_06	b139df109d6b2f9c85f49473062a0d4a608c744f	Captain McKinley: Of course. A\nhappy accident, as they say.	machine
6023_120_07	daa32c5eff52079dc0ce5fbbdfacd3baab0410b8	...From where I'm standing, it\nlooks like a normal transaction.	machine
6023_120_08	1a5049238d91e3f3ae9f489c94054139a9fbdafc	He mentioned a predecessor;\nmaybe they just happened to\nbe here?	machine
6023_120_09	f14cb143a584740239e86adcd7069454a8a3884c	...If that's the case, then fine.	machine
6023_120_10	e9949a378bcc7d28fd459f2db30c6875030d02b1	But that "chance" is what\nworries me. If nothing happens,\nthen good. Keep a close eye on\nhis subordinates' movements\nas well.	machine
6023_120_11	ab8dd9707c5f1a5c996e2c132770fbb6af584fba	Captain McKinley: Now then,\nmay we move the cargo\ninside?	machine
6023_120_12	3d5bb65e935c4706d6854dd7b0ae30198cddb401	...My people will handle the\ntransport. That is the standard\nrule.	machine
6023_120_13	436d15017e031b2d8c064e938a2fbb5b8a8b4b7d	...Help the guest carry their\nluggage.	machine
6023_120_14	35fc609f3e76e202d0860688f217adc3287aaa14	Yes. I understand.	machine
6023_120_15	1e8b774de8efb0ba33b3620e893c5f8eb40f1311	The containers are divided up\ninside these wooden crates.	machine
6023_120_16	eecb5527f09bc1a157a89185294bb8a9f32ff12b	Each one is small enough to\ncarry by hand, so I'll bring them\nin first.	machine
6023_120_17	9c25ecd6d05c42e9db0033f091a69305ef24c5eb	There's only one crate left.\nBefore that, could you bring in\nthe payment for what's been\ndelivered so far?	machine
6023_120_18	65720e67f221b31270421d971e6f68197f97e9be	Captain McKinley: I see. Just\nwait a moment. You don't need\nto help any further.	machine
6023_120_19	5590ff8011105dbc9611adfe36ab2f63edc164d3	What?	machine
6023_120_20	53375c62e592d5eaaa8c262dc22a92a7159d75a9	Captain McKinley: Everyone,\nhands up! Any suspicious\nmovement and I'll shoot on\nsight without warning.	machine
6023_120_21	bd0cee8c4e5928f86c960e6f72298dfe7efdaaaa	...What is the meaning of this?	machine
6023_120_22	a42769840bc5fe4b82dae7ec9002a534f766fc21	Captain McKinley: There's\nnothing to it. I don't know what\nyou've misunderstood, but this\nis an inspection.	machine
6023_120_23	d456350ad0878b48f52343cdb7b7393fef3926ab	Captain McKinley: We will\nhandle the final delivery and\nthe inspection ourselves.\nThanks for your cooperation.	machine
6023_120_24	8640a1291fe9964c18379303167bc4e050f39041	...Just as I thought.	machine
6023_120_25	7a12360f7665fce031153825c8989248b4359c23	McKinley Captain: Originally,\nthe Askis, a supply ship from\nthe 5th Fleet, was supposed to\ncome here.	machine
6023_120_26	32dc87d0602ece0fe7bb605db3ba938949112022	McKinley Captain: Smuggling\nwith petty pirates isn't a\nmatter we'd normally take\nseriously during wartime.	machine
6023_120_27	6d420349cdacce8abf23ae4ba23447c66764ae6e	McKinley Captain: However, the\nother day, the Askis was split\nin two and sank in this sector.	machine
6023_120_29	67e65a4009c29265e7004442eaa5c3d46edd1a9f	McKinley Captain: From the\nrecovered black box, we\nlearned that the Askis had\ncommissioned the Rose family\nfor smuggling.	machine
6023_120_30	6be123b4bb3027bf75fe1a9b0e9e77e5575c2d1a	McKinley Captain: If it came to\nlight that merchants from the\nStardust Bazaar illegally\nintervened in the conflict\nbetween Raza and Ober,	machine
6023_120_31	71b82b5391a9009baf28ed839d27d133542b1ac7	McKinley Captain: and that a\nproud soldier of our Space\nNavy was complicit, it would be\na massive scandal.	machine
6023_120_32	e32f594fddf78ab511ecfbbb10f7ab2f08ab7f3e	McKinley Captain: I'm sure you\nunderstand why this cannot be\nmade public.	machine
6023_120_33	08a40c88c1bf94e03115ffcc7dfa6d0aa68058ef	...We have maintained a good\nrelationship until now. Are you\nbetraying us now?	machine
6023_120_34	1ac0af886d7712afacf872606a701358dc6faf01	McKinley Captain: The situation\nhas changed. Our military is\ndetermined to secure a mining\nsite for Gems of such high\nquality.	machine
6023_120_35	a65bb68579c4ac02605a53ae07e4432bb253bbbf	...Even if you capture me, I will\nnever tell you where it is.	machine
6023_120_36	18ea71f91871e08a1cb0bf9113f48b263702b663	McKinley Captain: We'll just\nhave to see about that.	machine
6023_120_37	22e62b0bfe997ab55648078772aed7e265b5e4f1	McKinley Captain: Besides, you\naren't the only one who can\ngive us the answer.	machine
6023_120_38	f8f89cfefd39b4932f027598bb1fd4f16cd6b687	Captain McKinley: Lavarnia\nRose, the only daughter of the\nRose family head.	machine
6023_120_39	598ce79639b2c22417a77e51bad9c3d98c3e09c3	Captain McKinley: I'm sure your\nfather will understand once I\nspeak with him about you.	machine
6023_120_40	e8e6274d4734fa8cab698a9aa4b71d4e5bb3a95b	...Are you planning to insult my\nfather?	machine
6023_120_41	5b48b715ba75b6b49eaf3d42809167aaa888e9df	Captain McKinley: Not at all. I\nexpect him to be a good father\nwho loves his daughter.	machine
6023_120_42	c24a248a001f8a137d66fa118f50a051b91666ad	Captain McKinley: Now,\nsurrender. I won't treat you\npoorly.	machine
6023_120_43	7784220a891e52d39852a20ad592c1c744ef3428	Whenever someone says they\nwon't treat you poorly, they\nalways end up doing exactly\nthat.	machine
6023_120_44	a5688855095ea60a17cbc215ea923eddf088f293	Captain McKinley: Hmm.\nLooking closer, you're a\nSuccubus of the Ober lineage.	machine
6023_120_45	ba0c40aaa837533858b607e6f69b763e7334b06e	Captain McKinley: Well... your\nfates are sealed here\nregardless. However...	machine
6023_120_46	8a6decb414d39f301505d4f049448ef65feb75a1	Captain McKinley: If you agree\nto serve me personally from\nnow on, I might just spare the\nlives of your crew as a special\nfavor.	machine
6023_120_47	0fe4ee699e967932a000be8446b63035081daa36	...The quality of Raza's army\nhas truly plummeted.	machine
6023_120_48	e3a45582c3be6ed1b242b0defa34dc020edd727d	Captain McKinley: Hmph, a\nmere Succubus acting so high\nand mighty. You! Take this\nwoman into cu―	machine
6023_120_49	b8caf6f7b8ae8092a4c7c73013b8c4615f9d6c6b	Don't you dare screw with us!!	machine
6023_120_50	e7ae444ecd53b9d58711bc299c08faacf0984a87	McKinley Captain: Gah!?	machine
6023_120_51	a72cb4dd0bbd81705a7fd49ae3dca75080d52541	McKinley Captain: ...Wh-what!?\nWhere did you...!?	machine
6023_120_53	e7ec5eb2bc2acc2d13015df3af9753445d808add	Heath!?	machine
6023_120_54	0094dead78ae8328f7eb38bb7133be71b0e4d661	...You idiot, I told you to wait\nfor my signal...	machine
6023_120_55	f188ab9fefc2919edd27ee389f4d3c4ef2571b6f	You've got a lot of nerve\ntalking to her like that! And you\ncall yourself the captain of a\nflagship!? You're pathetic!	machine
6023_120_56	710471c552b404e3e9b8372be2b12af4348ec627	McKinley Captain: ...! You\ninsolent brat...! Do you not care\nwhat happens to your leader\nand your comrades!?	machine
6023_120_57	76bdda5d3748c6713c4cebed4bfe9ec04a891135	Ha! If the top of the fleet talks\nlike some low-life thug, it's no\nwonder Ober is pushing the\nfront line forward!	machine
6023_120_58	d10028ee793d41ef955d72760d26440f18e63c99	McKinley Captain: Y-you...!\nWhich unit do you belong to...!?	machine
6023_120_59	96aceac46739a04fe8b9e78c4349f09fd32a72ed	...! Heath! Stop!!	machine
6023_120_60	2f793117a1d4dc4d50752263592033b88bcc72c4	I'm Second Lieutenant Heath of\nthe Heath Bureau! A crewman\nof the combat ship Isabel, led\nby Major Jeanne Marswest!	machine
6023_120_61	389f91a634cceb43a87fdfcc9b36a273580c3710	He's a complete moron...\nhonestly.	machine
6023_120_62	ffaef654d6ed49ae2128e78d9947139f0fa02aa6	McKinley Captain: The Isabel!?\nMajor Marswest...!?	machine
6023_120_63	17776a4e6917f9a1a6330155126fdde18d87992d	Captain McKinley: ...Hehehe...\nWell, well, to think you're\ntraveling with a deserter from\nour own army...!	machine
6023_120_64	1f2a026b13a3228e9f91f936f1a1620d50a207b9	Captain McKinley: Perfect!\nCapture them all!	machine
6023_120_65	5b5326c354b33cc6556cedec920e3c250eb5408d	Hey, Captain! How long are we\nsupposed to just stand here\nand listen to this scumbag\ntalk?	machine
6023_120_66	2d72f5d4440d835b97a7f6c6b2c8cc45ef6984a3	Captain McKinley: You! Who\ngave you permission to speak?!\nShut your―	machine
6023_120_68	548bc1d39b289ed7fb135177bddd1541754b5094	Roger that! Charging in!!	machine
6023_120_69	2ab85bbc270ab2bd77a11f91ff3f8c7aa27238f6	I'm tired of waiting!	machine
6023_120_70	1a78849b192415d5486b2798c99008defd5ea250	Nobody move! You are\nsurrounded!	machine
6023_120_71	2bab606a7b9be994b1a7af99133ec08d26a62861	Captain McKinley: W-what...!?\nAn ambush...!?	machine
6023_120_72	37e7e1a2a42c51408b0b13c94bf477e733342a61	Hehe, how's that! Did you really\nthink we'd come here without a\nplan~?	machine
6023_120_73	9b108c715a066df5b20d2f5b4c7039d3accb61e6	If you don't want to get hurt,\neveryone get back to your\nships! You have no chance of\nwinning if you fight us here and\nnow!	machine
6023_120_74	b3fb159de675aaee50d2fc2188e2bdfbbbe3edc4	Captain McKinley: Gah... Do you\nreally think mere Bazaar\npirates can defeat the Raza\nSpace Force in close-quarters\ncombat!!	machine
6023_120_75	bc08f3e2179f6b996a8e02450a07a9c9e4d1d222	Captain McKinley: All hands to\nbattle stations! Crush those\npirate ships!	machine
6023_140_01	891b7acd02167a68f7576cf25a71cf5c0be2bf7f	Hmph. All talk.	machine
6023_140_02	65c2a76f63a6732ed1039ab8be9d75cfe7ad264d	It's honestly appalling that they\nwere so arrogant given their\nactual skill level.	machine
6023_140_03	b37fe5e78163b508974cd649158ada7b7b40142a	McKinley: W-w-who do you\nthink you are?! Are you with\nthe Ober army?! Eeek!	machine
6023_140_04	2984897a74ecc4a38c87d8f8de474d6b6d8eb666	We be neither Raza nor Ober.\nJust simple travelers.	machine
6023_140_05	878e974f7aca528de6cc5026c2cb5ebd67d08bae	Simple travelers who cannot\nstand by and watch evil deeds.	machine
6023_140_06	4fb2bcb5efa8cd9bfaa49330cec803c46cb850d4	These guys are nothing. Should\nwe just take down McKinley\nand the rest while we're at it?	machine
6023_140_07	2f3b4fcf467195d2a98ece7ff4d7b6c22200526f	I think that might be a bit\nmuch, considering how many of\nthem there are...	machine
6023_140_08	0c06f45a6890d24e685035d2bad8a852330469f4	Why not let Karlyn Kayson's\nbeast handle it?	machine
6023_140_09	e2c4098a778099f6a513c794ab697f1d7649c88a	Do you think I'm some kind of\nconvenient summoning tool?	machine
6023_140_10	e7bc83f64f1ad19a0d9fec3935db696dff84ee90	Please, these guys are a piece\nof cake! Why don't we just\nhijack a ship or two so we can\nscout the area more safely?	machine
6023_140_11	387274ebda576566413bec45248085cfa577b817	You sound exactly like a pirate.	machine
6023_140_12	658205202308ec95cd171e4ba1faded8be74d392	No, it's not a bad idea. I didn't\nexpect discipline on the front\nlines to be this lax.	machine
6023_140_13	bfde91093081cc3b988fbf0a7bcc59efc59713a6	If we seize the McKinley here,\nwe might be able to reunite\nwith the boss sooner.	machine
6023_140_14	9f0b1aae23ce05bebe16783451a797daf9bf2b98	It'd be interesting to use the\nentire ship as evidence to\nexpose the corruption on the\nfront lines.	machine
6023_140_15	92f4d2e50d5b6517d105cffb2e338624f5885404	McKinley Captain: Gugh...	machine
6023_140_16	091c7320e419adea641095f86cbe1e542f11e45d	Exactly! If we can pull it off,\nlet's just do it!	machine
6023_140_17	dfede3fd2dfef88c46a95f3bfbeb481e0094b865	By the way, Heath.	machine
6023_140_18	ed306d712f71e6fd6771c4b96dd5a2e987941510	What?	machine
6023_140_19	40d93163605ba6c4e27423697cb0b8de9e3d222a	Those tube-looking things on\nthe McKinley's walls are moving\nweirdly. What are those?	machine
6023_140_20	4e48b2f03bb677f37335c79698793585f05edb66	...Huh?	machine
6023_140_21	a0d21a85aa6fc3b6a6fadc6c98fa8ecb3d6ba021	McKinley Captain: Retreat!\nFire!!	machine
6023_140_22	c68248cde76523ee3e58e90f90fa500b21e0eaae	Hey! They're getting away!	machine
6023_140_23	7359c05905d60dbf88d5c8a7953822b50d4fd733	Dammit, incoming fire!!\nEveryone, get back to the ship!\nCoro! Get ready for takeoff\nimmediately!!	machine
6023_140_24	63d2b96f4fa1ca9a260ce0328a515babb4e1dcc3	"Awa-wa-wa! Understood!\nEveryone, please hurry and\nescape!!"	machine
6023_140_25	49e1e894b86ffccbd83d3b79ba57752d0a01c090	Nooooooooooo!?	machine
6023_140_26	05681758b64850134e92875feef4ade03daf26c7	Hurry! If you don't want to be\nshot down, put as much\ndistance between us and the\nenemy ship as possible!	machine
6023_140_27	ebb790d857a5c7180f453ec3b0ee9396bf7de24b	Coro! You said you wouldn't let\nthe ship get damaged! And yet\nwe took a direct hit!! What are\nyou going to do about this!	machine
6023_140_28	c23b88f1fde2cd7db6666449928275fc03282a75	But but, I didn't think they'd\nfire from such close range\nwhile their own crew was still\non board, eek!?	machine
6023_140_29	15ce70b7a538d7b3ba6ee0895002d49b60507904	Damn! We just took another hit!\nIt's the starboard engine!	machine
6023_140_30	dde8aa44a57e1df8e3c1878d27af602b807f3f2b	Ugh... you've got to be kidding...\nmy Overman...!	machine
6023_140_31	251e44610b91a0cced18faf5a8280a9e549d9c87	Activating the subspace warp\nengine... efficiency is poor!	machine
6023_140_32	de73a6a916f110f5a52cdd9e4a5894b0535f295b	But if we stay like this, we're\njust sitting ducks! Let's warp\nin, even if we have to risk a\ncrash landing! Luckily, there's a\nplanet in our path!	machine
6023_140_33	1004229636298b5e790cc0f6573383493874b1b4	In our path...	machine
6023_140_34	ae8af43743d3acb218bc687558782bf29114680d	W-wait! That means...! Not\nthere!!	machine
6023_140_35	bcd293a40dd4fe96cb55592ff401ea3d5a2a4899	If we send out a distress\nsignal, both armies will target\nus! We won't even be able to\nmake repairs, let's go\nsomewhere else...!	machine
6023_140_36	78a3d28bee9918bf48924e3654e06bef95e61ca9	If we've got no other choice,\nthat's where we're going!	machine
6023_140_37	639c72159eec3d708a94d756a983d94adea341c7	The crew of the McKinley were\nmostly scrubs, but their\nmarksmanship was quite\nimpressive!	machine
6023_140_38	e86aea146ff70eb3d744b51bdf1dd1520e6462fb	If we keep flying through\nnormal space, we'll be dead in\nthe water within 30 seconds!	machine
6023_140_39	d11cd8075cf6fc568f6f8531ecd3b311c125a2e6	Sorry, Lover, brace yourself.	machine
6023_140_40	b64653a3c09cc8293501a6a0874292a2d2e864cb	...N-no way!!	machine
6023_140_41	9c2736734681c0e8b6a8b6442a1fb12c87b4f762	...Ugh, seriously!! You said you\nwouldn't scratch it!!	machine
6023_140_42	028c37bfc70c66d9462f319665930e6dee483661	Warp drive engaging! Everyone,\nbrace for impact!	machine
6024_160_01	e30b963b82abcab0d8579c79359bc81873b03d5c	Ow! Ouch! It hurts! Please stop,\nMiss Lavarnia!	machine
6024_160_02	015e5a0f31eaab9435cf69f44be4a3221447a740	Idiot! You idiot, Coro! Look\nwhat you did to my Overman!\nIdiot, idiot, idiot, idiot,\nIDIOOOOT!	machine
6024_160_03	cc4f2bb7ef2da01074c0421b84fd23b847b8a025	It hurts! Please stop kicking\nme!!	machine
6024_160_04	15b160b925b4ee614a3fa0f6826637e689a2456b	You're a machine! How can you\nfeel pain?! You little...!	machine
6024_160_05	3ee4c4d226d4990da6d3584043ac5f54c67c625b	...So this is Planet Lazuli. This\nis the first time I've actually\nset foot here.	machine
6024_160_06	2c864228109b4b0f7ee78e24d3d0693e9562dd5f	It's my first time too! Not that I\never had any reason to land\nhere in my entire life!	machine
6024_160_07	5c56b9bab2d5b2a062dc6e8d0fea5e6fd1e7f84b	Ugh, seriously! Just thinking\nabout when Raza and Ober's\nattacks are going to rain down\non us makes me want to laugh!!	machine
6024_160_08	94c0e56b1591766655133f0961a703243817b684	D-does she seem... different to\nyou?	machine
6024_160_09	e3f828b106badf2b5cd29385ab7a01806477ab8e	She seemed pretty attached to\nher machine. If your favorite\ntoy gets trashed, you're bound\nto be in a bad mood.	machine
6024_160_10	d3f35e1c798401bc6db36db2ed8d6bffa62729e7	What say you, Valka? Can it be\nfixed?	machine
6024_160_11	a1119e448018023164799c3e6469fe211e9be8ab	No way. About as impossible as\nwhen I crashed on Daftes.	machine
6024_160_12	9cd1b2a30b34607c528e6b968d1b9f1e0bd1d429	I see... It truly is a miracle that\nwe are all still alive.	machine
6024_160_13	282e75cade740b5c04129425fa630f3737d118e0	...Ugh... uuuugh...	machine
6024_160_14	612f6299e08c91e95b557569f3a35ed4c9d2d99e	Hmm?	machine
6024_160_15	941085521e65ae2d181206a4920bcbfe1173b56b	Waaaaah! This time I've really\nfallen onto a planet where\nthere's absolutely nobody! I'm\ndoomed!	machine
6024_160_16	dbb10bd2120ad90470845c2abf205955a4c45684	Whoa!? What's going on!? What\nhappened!?	machine
6024_160_17	02607193c0b61834a4d845ea85aae487fbb0067e	I'm the one who wants to cry\nhere! Jeez!	machine
6024_160_18	394d832e258005e12a2717e2ed06effed38145b7	Ouch! Please stop kicking me\njust because you're annoyed!	machine
6024_160_19	6cd75982cbbe4a82739e3b4256ddac62158c0c43	C-calm down, Big Sister Valka!\nIt'll be okay this time! If things\nget bad, Rekoro will come to\nsave us!	machine
6024_160_20	1fe2a5f2a0df2c685d1ccd4c3fff58cc4fe26a73	Waaaaah... huh?	machine
6024_160_21	4890cc4b9cab52de8422f2ea0f44251f3be36e37	Oh. Right. Sorry. I lost it for a\nsecond.	machine
6024_160_22	8032da01e3599cedb464910b1ede0eeb91f8a808	"Lost it" is an understatement...	machine
6024_160_23	ab1a13c3532be025bf03348d6f332dc18a6618dd	But, if we're relying on your\nship to come rescue us, that\nmeans...	machine
6024_160_24	da05636a5828bdda0ad94b1f19477f7ad1596b9b	It means the worst-case\nscenario we anticipated has\noccurred.	machine
6024_160_25	2dfa1acf7414397db8e5bb38d5abdd32ca129743	Good grief. At this rate, we\nwon't even have the luxury of\nsearching for Eve.	machine
6024_160_26	cfd97215751f4f20918b160a2860376cd1885f65	You're right... Still, it's nothing\nbut sand and rocks as far as\nthe eye can see.	machine
6024_160_28	4733a0699c0424b4e558cdd1d4481f80464759fe	Yeah. Since everyone here can\nbreathe, the atmosphere must\nbe E-type.	machine
6024_160_29	f65f095817df5ce6acd707cbd7cfbf8340107140	And yet, there's no water at all.\nWhat a strange planet.	machine
6024_160_30	2f3608e15eb1df45badd5f1e43fd75d9dd82727c	Is that actually strange?	machine
6024_160_31	4ff00317e3741f15f96d781ed6c74b7314f2a258	On a planet with an E-type\natmosphere, it would be odd if\nit didn't rain. Look, there are\nclouds in the sky.	machine
6024_160_32	a33133b33d79b65159ce1f5e0d40147cad6a88cb	Oh, you're right.	machine
6024_160_33	71b437a8be2ee4d673c6332958a1f8aa68b61ec9	To have moisture in the air, yet\nno rain, no rivers, and no\nseas... normally, that's\nimpossible.	machine
6024_160_34	b83a3025d1ae607c90f1e7b7918499ba5221cc0c	They say common sense\ndoesn't apply in space, but this\nis a bit much...	machine
6024_160_36	64c7473276f741a01c6a698034ac579776b6a6fd	...Karlyn? You look pale.	machine
6024_160_37	47b340f2a221d22c12ad324794611760316cd8dd	What is it? Are you hurt\nsomewhere?	machine
6024_160_38	a512c4cb2da5f78b7acd230f6213e1b3494c024f	...No, it's not that... I'm sorry, I\njust... feel a bit sick.	machine
6024_160_39	3e486ef9e71b0c3d923594ad7c4349d50e7f03a3	You should lie down for a while.	machine
6024_160_40	10b5e057f9eb835c7161e21963283f2b76278f40	Coro, Karlyn doesn't seem to\nbe feeling well. Is the medical\nequipment on the Overman still\nfunctional?	machine
6024_160_41	47a86adcc48c20baaf521033e1ecab64753dc2fe	Huh!? Oh, yes! I can set up\nsome basic first aid right\naway...	machine
6024_160_42	980b153be6f11970c9cbb33cebdc84a799bbe6c9	That will do. I doubt it's\nanything serious, but it's better\nto be safe...	machine
6024_160_43	d408bec037453c0be350a6bf766c63358a99605e	...Over there.	machine
6024_160_44	612f6299e08c91e95b557569f3a35ed4c9d2d99e	Hmm?	machine
6024_160_45	d7daf332ff30866d2cabb55c54b9884a20a31886	Don't you... feel it? Over there...\nI think there's something.	machine
6024_160_46	58f83165ef2121c9b2304f23536f2a03d2c51847	Something?	machine
6024_160_47	b10d3e52b741e990c819214dfe6fe36ac96fc229	...Something is calling. And... I\ncan smell it. This scent... I\nremember... ugh...!	machine
6024_160_48	f75750b46aaf86a1ef9bc4ff7027331dd2d7598c	Big sister Karlyn!? Are you\nokay?	machine
6024_160_49	0aa48c77789c065a340a3aec2e3b1f84a8f9873d	What is it? What's going on!?	machine
6024_160_50	6ccd281a64c944bd02208b5e8df676a839fe194b	...It feels just like... that black\nsphere we found on Asyl...	machine
6024_160_51	d9ee83e849eb4a449629aa0a128dfadabf2edab8	It's close. Everyone, let's go...	machine
6024_170_02	dfb7cd6d393d7a05c0523a00e62f65b670318cb5	What on earth is this...?	machine
6024_170_03	e41fd522ee9501d785d9129096cb723257fd9aa8	...A temple? No, a gate?	machine
6024_170_04	96aa0b804ec863697eeba1ddb9345f22e5e4efc1	So neither Heath nor Lavarnia\nknows anything about this\nstructure...?	machine
6024_170_05	b0c5fc3af2a1e62f0de2e18533b1add51e45ad01	Nope... This is the first I've\never heard of something like\nthis existing.	machine
6024_170_06	7789a8f5812f04faba4450f84dc7e789b3d2a3f9	...Me neither. This is the first\ntime I've learned that there are\nman-made objects on Planet\nLazuli.	machine
6024_170_07	815e8608bb30ae4e6dec13178b4fa9b686a62afb	The bottom part is buried in\nthe sand, but I wonder if it's\nsome kind of ruin. It looks like\nmarble, or maybe brick.	machine
6024_170_08	f365b40104a02a09663688a2bc57811688f93734	It does look like brick, but\nthere are crystalline structures\nvisible in several places.	machine
6024_170_09	2e9703b64589a43da2ba4ae047ffc7169d2bb6e4	It is difficult to determine\nexactly when it was built.	machine
6024_170_10	e1dcccae641ce54201fdc7439f59f58fd97fdb8e	However, judging by the\nweathering, it is safe to\nassume it was constructed\nover 1,000 years ago.	machine
6024_170_11	4d12bbbc5be94da2724225319a88c2da250fcec1	A thousand years? You're\ntelling me humans were here a\nthousand years ago?	machine
6024_170_12	d82606f26cc9e3fad213ee0724d4b736ad625abd	A thousand years is just an\nestimate. Stone ruins can be\npreserved for tens of\nthousands of years if they are\nin good condition.	machine
6024_170_13	6470bd226ff466cc686719d1a98b9c47dc3838c5	Especially on this planet, where\nit never rains. The weathering\nprocess should be slow.	machine
6024_170_14	ba33ddf8efe53d65a6ff7b9e36c5e60b96d6ac6b	Tens of thousands of years...	machine
6024_170_15	9dedad37755d2d8bacab2e33b6c5863f8ca54936	It's hardly a surprising number.\nIn the scale of the universe, it's\na rounding error.	machine
6024_170_16	19c8546509952d537953adebd572269f5420b54e	Now, Karlyn Kayson. Go closer\nand tell me if you notice\nanything else.	machine
6024_170_17	2a83ee59110c183a5dfa7f55aa2cc927beb23579	Right. It doesn't feel as creepy\nas Asyl's.	machine
6024_170_18	940bff2e420adfa3ef955359837ed97f6379d073	But... I can still smell it, the\nstench of the crest... This is...	machine
6024_170_19	0df869fe49838a81083e6c825dd623dabb7eaf63	Kyaah!!	machine
6024_170_21	91d149f098c0a9cea14aa0a921efed09197705ae	Ugh... W-what is this...	machine
6024_170_23	0a92f437df3642cbe335098a31649d52993ea34f	Karlyn! What's wrong!?	machine
6024_170_24	727571dce4b06ac8604343bb8a1a101429cfb984	T-the Beast Witch's crest...!\nGugh...!! Aaaaah!!	machine
6024_170_25	9f51380da1fc8865f1920b39460eb777724c1aa9	Karlyn!!	machine
6024_170_26	2c1a59838b05079216828ee1f42c7cfadbaca226	Wh... what's this!? Images are\nappearing on the surface of\nthe gate...!!	machine
6024_170_27	ca7ebf5a178b109de85be60d5625aafc2a6323a1	...What on earth are all these\ncountless images...!?	machine
6024_170_28	0c87128c6116da94d4779ef27b01d0cbbb28aa73	...Is that Lady Leash?	machine
6024_170_29	f7a2b9abe8e95816f672aa7efafd51389cd65c3a	What?	machine
6024_170_30	7281a7d9a10d505df60d0e4f17a6f10ec109e0c7	The image in the center...	machine
6024_170_31	c66604d3723cc2b5f2b522ff9a8fb08054b72b55	...! Why is Eve's image being\nprojected...?	machine
6024_170_32	d1ec5e4ea5719ff00c2a10c714e250c68cb9e1de	And the place where Lady\nLeash is standing... isn't that\nright in front of this gate...?	machine
6024_170_33	a491f8d06c74ad39bf6001ab5df21adb1de3de30	Oh, look! That thing next to\nher, isn't that one of Lavarnia's\ncontainers?! Look! It's full of\nGems!	machine
6024_170_34	ab36bdab31b2597226308fb6e51fa75eeb6baf82	...The appearance certainly\nmatches. Does that mean she\nhas also descended upon\nLazuli?	machine
6024_170_35	54f9a7233d9654c6176ca428cf92d88cd0f26168	But Eve isn't actually here. If\nthat's the case, when on earth\nwas this image recorded...?	machine
6024_170_36	fbcae6496700cead627b0a2002702d4aec441eea	Water... images... records...\nCould this be...?	machine
6024_170_37	e4fc4665a3d156a6cafb935ea5a450dc737ccb62	Hm, the image is fading.	machine
6024_170_38	4b9fd4c0b43a25313f1cf9e1a5283e21fbfc2a11	*Gasp*...	machine
6024_170_39	fc5d1157bbe6fad8635eff7fc2f0285ebf85bafa	*Pant*... *pant*... Wh-what was\nthat? Just now...	machine
6024_170_40	9441402cbfb42721262c0a73a9ba264e693ae1df	I'm the one who wants to know.\nWhat the hell did you just do?	machine
6024_170_41	b1506991ce1fd85b2f30b158f6c1306a4a8ce82c	I see! I remember now!!	machine
6024_170_42	3057b6f850bf45cc073c3ec14f9002cbeb281c62	Mastima!?	machine
6024_170_43	0111a3408e87b6314940b39e07c3c17c66229e23	Rejoice, Karlyn Kayson. This\n"Gate" is one of the keys to\nunlocking the mystery of your\ncrest.	machine
6024_170_44	6db09a84023a2114a32a6921ddf2e016b56c4624	I've caught a glimpse of the\ntrue nature of the "Summoning"\nused by you and Evelysse.	machine
6024_170_45	1cf5d5306e72e5cb725953aca98e3f0d4bba9a30	*Pant*... *pant*... What do you\nmean? Is it true?	machine
6024_170_46	1ae28e34d4bc7a41d25634fcb9aea74f41024d04	Yes. I never imagined I'd\nencounter it so close to the\nDaft system...	machine
6024_170_47	bd3e68ca13ec9cb585346adf6eadf66fb6cbf9c2	What is this even about...?	machine
6024_170_48	3c8d85ba0e81fd2f29414b78055cd492ddad6d5e	This "Gate" was once known as\nthe <font color=yellow>Urza System</font>.	machine
6024_180_01	62f89802a07a2cf35fa2474aa8f9ca8032162e5b	Master Mastima: The image of\nEvelysse reflected in that\nwater mirror just now was from\nthe slightly distant past. It was\nlikely footage from a few days\nago.	machine
6024_180_02	f4fa3c1b6235110f9b36c24ef482300734c85149	Footage of the past? If you\nknow about this "Gate," Master\nMastima...	machine
6024_180_03	5bdac3cf601c7ba1eb309017f8c75c2f1acce09f	Master Mastima: Yes. I read a\nthesis regarding this back\nduring the era of Planet Nede.	machine
6024_180_04	166ea02549b4af0ceb551f43236fa9698bb6bf2c	Master Mastima: Its basic\nfunction is exactly as we just\nwitnessed.	machine
6024_180_05	c555509c95576400472951222d31e92430f19994	Master Mastima: It can\narbitrarily project images from\na specific point in the past\nonto the water mirror.	machine
6024_180_06	87cf4bf5c4f6032c4135526184d08c33749a0c45	Master Mastima: Right now, all\nof us, including Karlyn Kayson,\nare deeply concerned with\nEvelysse's whereabouts.	machine
6024_180_07	94c233e3fdc92cc8abfbb32b70f6b52b9b2aedaa	Master Mastima: That is why\nthe mirror showed his recent\npast.	machine
6024_180_08	7fd33482f65d98f1d044807cc7c1c62e12717c6a	Projecting images of the past...\nit sounds simple when you say\nit, but isn't that incredibly\ngroundbreaking?	machine
6024_180_09	6cde9f7e074b4a9bddeb5f0628aa3e52560fff80	I wonder if Raza and Ober are\nfighting over Lazuli just to get\ntheir hands on this.	machine
6024_180_10	6e409afbe33903ceb7630844886e251304c34153	Oh! That could be it! I mean, if\nyou know when, where, and\nwhat your opponent did, it'd be\nway easier to predict their\nstrategy!	machine
6024_180_11	592c48b2581597bc8ec573671bbd5481df55b8a7	A function to see the past. It is\ncertainly an extraordinary\nability, but for that to be the\nreason...	machine
6024_180_12	38e545cfe1cac6d2b2eb006230c1daade2737c23	Yeah. It would certainly cause\na stir if its existence became\npublic knowledge, but...	machine
6024_180_13	7a88a1929527afb9cd1d61f2d10193fd340addb8	I just don't think that alone\nwould be enough to keep its\nexistence a secret from their\nown soldiers for twenty years.	machine
6024_180_14	f7359f22e415ce369f18f660f9e3667ced0fe982	If anything, you'd think they'd\nmake it public as a strategic\nadvantage to boost morale.	machine
6024_180_15	37a8c376d9b8ccf7bed50fc40d896560f3a7678c	In the first place, what was the\ncreator thinking, bringing\nsomething like this to such a\nbarren planet...?	machine
6024_180_16	61691e29f2909a125c9386ba18555b5d47a14d73	Master Mastima, since there\nwere papers left behind in\nNede, is this a product of\nNede?	machine
6024_180_17	22597e73f7448559538753b17095a6d8fce1b907	Master Mastima: No, I don't\nknow who created this. The\npeople of Nede merely\ndiscovered and investigated\nthis "Gate."	machine
6024_180_18	8a162fb9bf810936a6a28c5129ea779dbe038801	Discovered...?	machine
6024_180_19	8d3134b2865a59e50ae44cca30fc4f06036f9da6	If the researchers of that time\ndiscovered it, does that mean\nit dates back even further than\nwhen the paradise of Nede\nflourished?	machine
6024_180_20	70096096f47ad1a17b7973c90325724152e1167f	Master Mastima: That is\ncorrect.	machine
6024_180_21	26c9848be7c8f755af38a150f7deb6a4bb2e0eec	To think technology to see\nimages of the past existed\nthat long ago...!	machine
6024_180_22	6c185f74e33fbe9ebb1095f1f51058e0a1569715	Master Mastima: Yes. However,\n"seeing images of the past" is\nmerely a secondary effect of\nthe Urza System.	machine
6024_180_23	8d5db7cefbc5f5898dafc081c319b52578dfb02a	Master Mastima: The primary\npurpose of the Urza System\nis...	machine
6024_180_24	a000617bba0f5d06e8ba1a11e834db9f6f80b10f	!!	machine
6024_180_25	0f5392cf5d9f3b4f68d60ca9e88211dad8c86e4b	Hm? What's wrong all of a\nsudden?	machine
6024_180_26	85a191404de6d8e73840106b5fc31ad5a9e190fb	...Something is approaching.	machine
6024_180_27	f9ce1971a76dfaddd1da69e7fffb030e2c3a7026	Something? What else could\npossibly be on a planet that's\nsupposed to be empty?	machine
6024_180_28	2e4171f93aa98f2dfd63c99af8089dcee8eb57b0	Something huge. I recognize\nthat sound... it's machinery...	machine
6024_180_29	9a664ce3c5e13a639f36def6070faab7a42ffec6	Over there!	machine
6024_180_30	436ac4850032cdbf48427199c46ef3337af8e721	...A cloud of dust... That's...!	machine
6024_180_31	7193ca6f41df8f6cf8ed54dcec726cf3fded741e	It's Thornite! He's being chased\nby something!!	machine
6024_180_32	909991704eb6a08ab1fabe3d3f23f030014d85b4	Wait, is that a robot!? Why?\nWhy is something like that in a\nplace like this!?	machine
6024_180_33	e43e59d463962f8e736491740887dd222aeb06d2	It looks like a weaponized\nrobot. However, its behavior is\nstrange for an attack...	machine
6024_180_34	cdd8448e9de5962d7d77dace6c15fd6e1489df2e	Hm!	machine
6024_180_35	fdbeefba810b493bc65915baeeda9b79d63222e2	I-it caught Thornite!?	machine
6024_180_36	f46a783ef11da0d45e81b8e1210dcd09a04c5bd1	Looks like it's taking him\nsomewhere... and it's clearly\npacking some seriously\ndangerous weaponry.	machine
6024_180_37	eeb7940ccc467562c6e80777716ff6b775d991a1	Maybe it'll just keep heading\nthat way and ignore us...	machine
6024_180_38	c5f6d8405bfa67e9ae4f9f84dace47a214fa38c4	Nope, doesn't look like it!\nH-here it comes!	machine
6024_180_39	463b74724dc4c4385f2f2046676bba622947e307	Combat behavior confirmed! It\nseems we are not the intended\ntargets for capture!	machine
6024_180_40	55582fa1420d61fda7f36d7e371ab6c6d9b73b07	Dammit! It's coming at us full\ntilt! What the hell is wrong with\nthis planet?! This is nothing\nlike what I was told!	machine
6024_180_41	5f6509ca3058a069cdca4a84ccceea83bfe56abc	...I was already frustrated...\nbecause the ship is broken...	machine
6024_180_42	f08dc538ecb32fed3bf69b4d6355f49116f94c59	I'll tear you apart and use you\nfor spare parts!!	machine
6024_190_01	04ac751359257c7fc1193db5da73861058b17066	Lady Lavarnia: ...Hmph. Just\naccept your fate and become\na spare part for the Overman.	machine
6024_190_02	1be7aa7c5b2154f28dc494bf54f79347a9ad818e	A masterful display. I wondered\nif you were inexperienced in\ncombat, but Lady Lavarnia is\nquite the warrior.	machine
6024_190_03	c2f4761ab08c4bd4ffcc5820fc2d8a3f0d7b3eab	Well, she is a member of the\npirates, after all. You'll get\nburned if you underestimate\nher.	machine
6024_190_05	d9f9db147e348c6076c4ac5b413508489778e963	She isn't a pure Succubus.	machine
6024_190_06	6744e9c1fb3d499c9d09204ff1fae5bda7aeae3b	I think she's struggled quite a\nbit because of that. Those\nwings on her back? She made\nthose herself.	machine
6024_190_07	523679d0d5435beb5a68290b244af689c1693ef1	What! She made those too!?\nI've been wondering about\nthose mechanical wings this\nwhole time!	machine
6024_190_08	11a4d1736258dc166d1a7452fea2e48b3261f8bc	Yeah. Well, it's a long story.	machine
6024_190_09	b0fe0035e4a35a094a1ab751ae7d61700664bde1	Being the daughter of a pirate\ncaptain makes for a\ncomplicated life. Just... try not\nto mention that they aren't real\nwings.	machine
6024_190_10	af4796d1817d25aa5139b96ddffd44878ecf883c	Lady Lavarnia: Heath! What are\nyou chatting about! I'm going to\ntear this thing apart and fix\nthe ship.	machine
6024_190_11	6c46cb45c1f200f3f61a11b4204716a557e5fc60	Ah! If you're taking it apart, I\nwant to do it! Leave it to me,\nleave it to me!	machine
6024_190_12	088f2bd5feb0162c91a436bab9378afd9d96c88a	Lady Lavarnia: Fine then, be\nmy guest.	machine
6024_190_13	4bc6684c71359e00802ff0d16e600d1c8fcc51d8	Yay!! Finally, finally I get to\ntake it apart!!	machine
6024_190_14	dfc063dfc5c84e6a19c3ec66a43d9eb8d19d5927	Big sister Welch looks so\nenergetic!	machine
6024_190_15	f574f014bdc1141a071d6beaac6427e6091c2ad4	Well, she gets to mess around\nwith unfamiliar machinery to\nher heart's content...	machine
6024_190_16	183140cc09a454595330e7d9c22a76384128632e	I'd prefer it if she could get\nthis urge to dismantle things\nout of her system now...	machine
6024_190_17	e5ab9b9c5f6a809489eee18f1acc53c7190b54dd	Huh?	machine
6024_190_18	d4629d71d7f2c4fd98d09c7ba255319c2fee02a0	Alright!! Here I go!!!	machine
6024_190_19	381b09e8f332cf7ee1e5d0ef73c82fc2646d17f7	Excuse me, could you wait a\nmoment?	machine
6024_190_20	ff05e76041bab3663e8783c704c6045470031e83	...Huh? What is it, Eu-bo! Don't\nget in my way!	machine
6024_190_21	a0fabfd0d18bb93c9fe8a7a719c486f3b93e66d0	What?! I didn't say anything!!	machine
6024_190_22	8945e161968ea052f29f7b7ee33ba86029093f3d	My apologies. I am not "Eu-bo,"\nbut would you mind refraining\nfrom dismantling that?	machine
6024_190_23	0f5d4adb035b79f98db1d974a0f00e946a7623d8	...Eh?	machine
6024_190_24	309d30d41a57bdb6f23ed35c0be228f9cdc4d4ea	...Who are you?	machine
6024_200_01	0f9bb064af4161dfda2eb4bd7bc45d068efdc5d5	W-what the hell! Where did you\ncome from?!	machine
6024_200_02	0ae2d50667a747fdc8aecb9d76d3f9b05fce7323	I... I didn't feel them coming at\nall...!	machine
6024_200_03	e0a2e175a8c9f90d9f8116b3632e34ccbfbc4d4a	Raza, the Stardust Bazaar, and\nguests from the outer universe,\nif I am not mistaken.	machine
6024_200_04	7a1cdd3b404b37fd1619b1c6cdd58e31818e855b	Please accept my apologies for\nthe rudeness of my Multiple\nGear.	machine
6024_200_05	28f4a149aa12add6f3a7b1a86c0a5249491500b7	I was in the middle of capturing\nsome grotesque creatures with\nglowing spikes on their bodies,	machine
6024_200_06	a164b3f1cbb66311a175d85683dd77782861efd6	and it seems they identified\nyou as external threats.	machine
6024_200_07	aaa5767b623d76bf38495280cef615837dcf208f	So it really was a capture\noperation. But why on earth\nwould they do such a thing...?	machine
6024_200_08	1bc83fa6a7a3144d395f395c0d2fad7dc38a190f	More importantly, who the hell\nare you? Stop talking through\na robot and show yourself!	machine
6024_200_09	6b85f03c89aeeb3cea35f5909cf3e047b9b3500f	Wait, Mista Heath. ...This is\nstrange.	machine
6024_200_10	fafbdf39180a2400c66da8d793ae5f4104f1b727	That... no, that person isn't a\nrobot.	machine
6024_200_11	dfb15e4c1e8da520f681f32ac2e21e25b1f00538	Most of the body is\nmechanical, but there is a faint\nbiological signature...	machine
6024_200_12	c0b031246f13600b8d7def9dad5b983d4e5851fd	Oh? You can tell what my body\nis like?	machine
6024_200_13	8b14da509b8796b8decaea5605610ff04ac5614d	...You've replaced everything\nbut a few biological parts with\nmachinery...	machine
6024_200_14	30db708f3419035586b28125f810673b6cfc4315	Mista... or rather, Lady. Are you\na human who has been turned\ninto a Cyborg?	machine
6024_200_15	431d68b11ead86ea8ad21c0b775925616877358e	I see that you are a Cyborg as\nwell, young lady. Though it\nseems you are composed of\ntechnology far more advanced\nthan my own...	machine
6024_200_16	9dca138feaef135935d30a68a2fa4b30f7bcae9a	Hm.	machine
6024_200_18	a6ac6c2fe9c7636983185d39a1615191738a5927	And you over there, could it\nbe...	machine
6024_200_19	da5425fa27ba909d58069a1b0a812952841539a8	Is something the matter,\nCaptain?	machine
6024_200_20	f262cb65e0f9d7476e64eaf4177dad15a0c27464	Those genes... I see. So that's\nhow it is.	machine
6024_200_21	74a4b879221ec24ee714563e9eb6a8490019215a	Tell me, I have a proposal.\nWould you allow me to repair\nyour ship?	machine
6024_200_22	4b9c3e89ef08d35548682a17827732225c22e5dd	What!? You can repair it!?	machine
6024_200_23	deda0cdf56631acfd1bff8193f88555793002dd1	Huh? What about finishing the\ndisassembly!?	machine
6024_200_24	70612ad8760f9927a2e79ae4caeb9ba427c8c413	With the equipment at my\nbase, the repairs should be\ncompleted in a single day.	machine
6024_200_25	a8586dba33beb3f3fa09dbeb51a67e2e56824adc	Please refrain from\ndisassembling it. It would be\nvery inconvenient later if they\nwere gone.	machine
6024_200_26	da97cf25e1c7216dd4474ae0966013c1eabaa5ff	In the meantime, there is\nsomething I wish to discuss\nwith you all.	machine
6024_200_27	31317cc56e97b878674744c226b2fad202c248e0	Specifically... with the young\nCyborg lady and you, the\nCaptain.	machine
6024_200_29	b7b00bc56e1346dee2ca955eecae8cd11527007a	Me and the Captain?	machine
6024_200_30	ac2c4fbaf6a263baf95aca6d31baee1005b3788b	Yes. I have a base hidden not\nfar from here. Let us move\nthere first.	machine
6024_200_31	4a23ec5d8188e67183ff4095b62bd9e25888700c	Hold on. Are you saying you\nactually live on Lazuli?	machine
6024_200_32	7c261ba6601cd501a150a4ea712c058277de0be3	And you said you're a Cyborg,\nbut were you originally from\nRaza? Or Ober?	machine
6024_200_33	96b7dc41858d17d2a29207f14023068562e88cc5	Oh, my apologies. I haven't\neven introduced myself.	machine
6024_200_34	ab93caba3c65e177cae2654abe7c083a94feea6f	I am Kevin.	machine
6024_200_35	24ac890a4b747c6eb5f1693315d7bc62c7d24866	My name is <font color=yellow>Kevin Barktain</font>. I\nlive here on Lazuli.	machine
6024_200_36	bce56726803083899a6ca837f38fd8f80d8e30b2	Before I became a Cyborg...\nyes, I was a Razan.	machine
6024_200_37	7eb3a83696a4367b36dafa77f751a289cc36a2b2	Huh. I see...	machine
6024_200_38	86f9f7ff2256019db1fdf4e9c085762e06a84a44	...Wait, Kevin?	machine
6024_200_39	b0a0c9b0a714e223d3ec294f57799c76c4137796	...Kevin? No way.	machine
6024_200_41	8888f63924d15c9bf539e3da8cd5ea4b7747c57d	C-C-C-Captain...	machine
6024_200_42	cb72871db8ad96f7e091f9df9a0a5533901eccbf	Didn't that man just say\n"Bachtein"? Is this just a\ncoincidence? Please tell me,\nCaptain...!	machine
6024_200_43	0d0a6b1d5a44c51a1f0fd0787dcf16561149c934	Bachtein. Bachtein... Kevin...	machine
6024_200_44	b36cd9b497c4bfd93c3fce835968ea36f83e729e	Could it be... Kevin? But that\nname...	machine
6024_200_45	677da3f127a409900894626e4ec6f5259e9157b6	...It seems this conversation will\nbe over much sooner than I\nexpected.	machine
