key	note	function_380	offset	status	va370	files
@0x1149238	ADLD asset decryption (CGame::OnInitialize lambda)	lambda:N5CGame12OnInitializeEv#1.6	0x0	remap 0x1149238 -> 0x114b600	0x114b600	port/src/native/engine/asset_decrypt.cpp
@0x14954cc	FakeApiCaller lambda	lambda:N13FakeApiCaller5LoginEv#0.6	0x0	remap 0x14954cc -> 0x148eba8	0x148eba8	port/src/native/api/fakeapi.cpp,port/src/native/api/gen/fakeapi_tables.inc
@0x149584c	FakeApiCaller lambda	lambda:N13FakeApiCaller11SimpleLoginEv#0.6	0x0	remap 0x149584c -> 0x148ef28	0x148ef28	port/src/native/api/fakeapi.cpp,port/src/native/api/gen/fakeapi_tables.inc
@0x1495a8c	FakeApiCaller lambda	lambda:N13FakeApiCaller12CreatePlayerEPKaS4_#0.6	0x0	remap 0x1495a8c -> 0x148f168	0x148f168	port/src/native/api/fakeapi.cpp,port/src/native/api/gen/fakeapi_tables.inc
@0x1495b1c	FakeApiCaller lambda	lambda:N13FakeApiCaller9GetPlayerEv#0.6	0x0	remap 0x1495b1c -> 0x148f1f8	0x148f1f8	port/src/native/api/fakeapi.cpp,port/src/native/api/gen/fakeapi_tables.inc
@0x1495bac	FakeApiCaller lambda	lambda:N13FakeApiCaller14GetPlayMissionEv#0.6	0x0	remap 0x1495bac -> 0x148f288	0x148f288	port/src/native/api/fakeapi.cpp,port/src/native/api/gen/fakeapi_tables.inc
@0x1495c3c	FakeApiCaller lambda	lambda:N13FakeApiCaller12SearchPlayerEPKa#0.6	0x0	remap 0x1495c3c -> 0x148f318	0x148f318	port/src/native/api/fakeapi.cpp,port/src/native/api/gen/fakeapi_tables.inc
@0x1495ccc	FakeApiCaller lambda	lambda:N13FakeApiCaller16UpdatePlayerNameEPKa#0.6	0x0	remap 0x1495ccc -> 0x148f3a8	0x148f3a8	port/src/native/api/fakeapi.cpp,port/src/native/api/gen/fakeapi_tables.inc
@0x1495d5c	FakeApiCaller lambda	lambda:N13FakeApiCaller19UpdateKiyakuVersionEPKa#0.6	0x0	remap 0x1495d5c -> 0x148f438	0x148f438	port/src/native/api/fakeapi.cpp,port/src/native/api/gen/fakeapi_tables.inc
@0x1495dec	FakeApiCaller lambda	lambda:N13FakeApiCaller12MissionStartEjjjmjmj#0.6	0x0	remap 0x1495dec -> 0x148f4c8	0x148f4c8	port/src/native/api/fakeapi.cpp,port/src/native/api/gen/fakeapi_tables.inc
@0x1495e7c	FakeApiCaller lambda	lambda:N13FakeApiCaller14MissionRestartEv#0.6	0x0	remap 0x1495e7c -> 0x148f558	0x148f558	port/src/native/api/fakeapi.cpp,port/src/native/api/gen/fakeapi_tables.inc
@0x1495f0c	FakeApiCaller lambda	lambda:N13FakeApiCaller19MultiMissionRestartEv#0.6	0x0	remap 0x1495f0c -> 0x148f5e8	0x148f5e8	port/src/native/api/fakeapi.cpp,port/src/native/api/gen/fakeapi_tables.inc
@0x1495f9c	FakeApiCaller lambda	lambda:N13FakeApiCaller20TrainingMissionStartEjjm#0.6	0x0	remap 0x1495f9c -> 0x148f678	0x148f678	port/src/native/api/fakeapi.cpp,port/src/native/api/gen/fakeapi_tables.inc
@0x149602c	FakeApiCaller lambda	lambda:N13FakeApiCaller10MissionEndEjj#0.6	0x0	remap 0x149602c -> 0x148f708	0x148f708	port/src/native/api/fakeapi.cpp,port/src/native/api/gen/fakeapi_tables.inc
@0x14960bc	FakeApiCaller lambda	lambda:N13FakeApiCaller11MissionTalkEjjjh#0.6	0x0	remap 0x14960bc -> 0x148f798	0x148f798	port/src/native/api/fakeapi.cpp,port/src/native/api/gen/fakeapi_tables.inc
@0x149614c	FakeApiCaller lambda	lambda:N13FakeApiCaller13MissionFailedEjj#0.6	0x0	remap 0x149614c -> 0x148f828	0x148f828	port/src/native/api/fakeapi.cpp,port/src/native/api/gen/fakeapi_tables.inc
@0x14961dc	FakeApiCaller lambda	lambda:N13FakeApiCaller14BoostCharacterEmjj#0.6	0x0	remap 0x14961dc -> 0x148f8b8	0x148f8b8	port/src/native/api/fakeapi.cpp,port/src/native/api/gen/fakeapi_tables.inc
@0x149626c	FakeApiCaller lambda	lambda:N13FakeApiCaller18EvolutionCharacterEm#0.6	0x0	remap 0x149626c -> 0x148f948	0x148f948	port/src/native/api/fakeapi.cpp,port/src/native/api/gen/fakeapi_tables.inc
@0x14962fc	FakeApiCaller lambda	lambda:N13FakeApiCaller19LimitBreakCharacterEmj#0.6	0x0	remap 0x14962fc -> 0x148f9d8	0x148f9d8	port/src/native/api/fakeapi.cpp,port/src/native/api/gen/fakeapi_tables.inc
@0x149638c	FakeApiCaller lambda	lambda:N13FakeApiCaller26LimitBreakCharacter_LegacyEmj#0.6	0x0	remap 0x149638c -> 0x148fa68	0x148fa68	port/src/native/api/fakeapi.cpp,port/src/native/api/gen/fakeapi_tables.inc
@0x149641c	FakeApiCaller lambda	lambda:N13FakeApiCaller18AddStatusCharacterEmjj#0.6	0x0	remap 0x149641c -> 0x148faf8	0x148faf8	port/src/native/api/fakeapi.cpp,port/src/native/api/gen/fakeapi_tables.inc
@0x14964ac	FakeApiCaller lambda	lambda:N13FakeApiCaller11ItemComposeEmjz#0.6	0x0	remap 0x14964ac -> 0x148fb88	0x148fb88	port/src/native/api/fakeapi.cpp,port/src/native/api/gen/fakeapi_tables.inc
@0x149653c	FakeApiCaller lambda	lambda:N13FakeApiCaller16ItemComposeArrayEmRKN9Framework10CSTLVectorImEE#0.6	0x0	remap 0x149653c -> 0x148fc18	0x148fc18	port/src/native/api/fakeapi.cpp,port/src/native/api/gen/fakeapi_tables.inc
@0x14965cc	FakeApiCaller lambda	lambda:N13FakeApiCaller11ItemGradeUpEmjz#0.6	0x0	remap 0x14965cc -> 0x148fca8	0x148fca8	port/src/native/api/fakeapi.cpp,port/src/native/api/gen/fakeapi_tables.inc
@0x149665c	FakeApiCaller lambda	lambda:N13FakeApiCaller16ItemGradeUpArrayEmRKN9Framework10CSTLVectorImEE#0.6	0x0	remap 0x149665c -> 0x148fd38	0x148fd38	port/src/native/api/fakeapi.cpp,port/src/native/api/gen/fakeapi_tables.inc
@0x14966ec	FakeApiCaller lambda	lambda:N13FakeApiCaller11UpdatePartyEjmmm#0.6	0x0	remap 0x14966ec -> 0x148fdc8	0x148fdc8	port/src/native/api/fakeapi.cpp,port/src/native/api/gen/fakeapi_tables.inc
@0x149677c	FakeApiCaller lambda	lambda:N13FakeApiCaller13UpdateSupportEm#0.6	0x0	remap 0x149677c -> 0x148fe58	0x148fe58	port/src/native/api/fakeapi.cpp,port/src/native/api/gen/fakeapi_tables.inc
@0x149680c	FakeApiCaller lambda	lambda:N13FakeApiCaller11EquipWeaponEmm#0.6	0x0	remap 0x149680c -> 0x148fee8	0x148fee8	port/src/native/api/fakeapi.cpp,port/src/native/api/gen/fakeapi_tables.inc
@0x149689c	FakeApiCaller lambda	lambda:N13FakeApiCaller14EquipAccessoryEmm#0.6	0x0	remap 0x149689c -> 0x148ff78	0x148ff78	port/src/native/api/fakeapi.cpp,port/src/native/api/gen/fakeapi_tables.inc
@0x149692c	FakeApiCaller lambda	lambda:N13FakeApiCaller10EquipSkillEmjjj#0.6	0x0	remap 0x149692c -> 0x1490008	0x1490008	port/src/native/api/fakeapi.cpp,port/src/native/api/gen/fakeapi_tables.inc
@0x14969bc	FakeApiCaller lambda	lambda:N13FakeApiCaller9EquipAutoEm#0.6	0x0	remap 0x14969bc -> 0x1490098	0x1490098	port/src/native/api/fakeapi.cpp,port/src/native/api/gen/fakeapi_tables.inc
@0x1496a4c	FakeApiCaller lambda	lambda:N13FakeApiCaller10GetPresentEmz#0.6	0x0	remap 0x1496a4c -> 0x1490128	0x1490128	port/src/native/api/fakeapi.cpp,port/src/native/api/gen/fakeapi_tables.inc
@0x1496adc	FakeApiCaller lambda	lambda:N13FakeApiCaller15GetPresentArrayERKN9Framework10CSTLVectorImEE#0.6	0x0	remap 0x1496adc -> 0x14901b8	0x14901b8	port/src/native/api/fakeapi.cpp,port/src/native/api/gen/fakeapi_tables.inc
@0x1496b6c	FakeApiCaller lambda	lambda:N13FakeApiCaller11PresentListEv#0.6	0x0	remap 0x1496b6c -> 0x1490248	0x1490248	port/src/native/api/fakeapi.cpp,port/src/native/api/gen/fakeapi_tables.inc
@0x1496bfc	FakeApiCaller lambda	lambda:N13FakeApiCaller8LockItemEjz#0.6	0x0	remap 0x1496bfc -> 0x14902d8	0x14902d8	port/src/native/api/fakeapi.cpp,port/src/native/api/gen/fakeapi_tables.inc
@0x1496c8c	FakeApiCaller lambda	lambda:N13FakeApiCaller13LockItemArrayERKN9Framework10CSTLVectorImEE#0.6	0x0	remap 0x1496c8c -> 0x1490368	0x1490368	port/src/native/api/fakeapi.cpp,port/src/native/api/gen/fakeapi_tables.inc
@0x1496d1c	FakeApiCaller lambda	lambda:N13FakeApiCaller10UnlockItemEjz#0.6	0x0	remap 0x1496d1c -> 0x14903f8	0x14903f8	port/src/native/api/fakeapi.cpp,port/src/native/api/gen/fakeapi_tables.inc
@0x1496dac	FakeApiCaller lambda	lambda:N13FakeApiCaller15UnlockItemArrayERKN9Framework10CSTLVectorImEE#0.6	0x0	remap 0x1496dac -> 0x1490488	0x1490488	port/src/native/api/fakeapi.cpp,port/src/native/api/gen/fakeapi_tables.inc
@0x1496e3c	FakeApiCaller lambda	lambda:N13FakeApiCaller12ClearNewItemERKN9Framework10CSTLVectorImEE#0.6	0x0	remap 0x1496e3c -> 0x1490518	0x1490518	port/src/native/api/fakeapi.cpp,port/src/native/api/gen/fakeapi_tables.inc
@0x1496ecc	FakeApiCaller lambda	lambda:N13FakeApiCaller17ClearNewStackItemERKN9Framework10CSTLVectorIjEE#0.6	0x0	remap 0x1496ecc -> 0x14905a8	0x14905a8	port/src/native/api/fakeapi.cpp,port/src/native/api/gen/fakeapi_tables.inc
@0x1496f5c	FakeApiCaller lambda	lambda:N13FakeApiCaller17ClearNewCharacterERKN9Framework10CSTLVectorImEE#0.6	0x0	remap 0x1496f5c -> 0x1490638	0x1490638	port/src/native/api/fakeapi.cpp,port/src/native/api/gen/fakeapi_tables.inc
@0x1496fec	FakeApiCaller lambda	lambda:N13FakeApiCaller8SellItemEjz#0.6	0x0	remap 0x1496fec -> 0x14906c8	0x14906c8	port/src/native/api/fakeapi.cpp,port/src/native/api/gen/fakeapi_tables.inc
@0x149707c	FakeApiCaller lambda	lambda:N13FakeApiCaller13SellItemArrayERKN9Framework10CSTLVectorImEE#0.6	0x0	remap 0x149707c -> 0x1490758	0x1490758	port/src/native/api/fakeapi.cpp,port/src/native/api/gen/fakeapi_tables.inc
@0x149710c	FakeApiCaller lambda	lambda:N13FakeApiCaller13SellStackItemEjj#0.6	0x0	remap 0x149710c -> 0x14907e8	0x14907e8	port/src/native/api/fakeapi.cpp,port/src/native/api/gen/fakeapi_tables.inc
@0x149719c	FakeApiCaller lambda	lambda:N13FakeApiCaller11UseHealItemEjj#0.6	0x0	remap 0x149719c -> 0x1490878	0x1490878	port/src/native/api/fakeapi.cpp,port/src/native/api/gen/fakeapi_tables.inc
@0x149722c	FakeApiCaller lambda	lambda:N13FakeApiCaller15UpdateItemStockEv#0.6	0x0	remap 0x149722c -> 0x1490908	0x1490908	port/src/native/api/fakeapi.cpp,port/src/native/api/gen/fakeapi_tables.inc
@0x14972bc	FakeApiCaller lambda	lambda:N13FakeApiCaller14ExshopExchangeEjj#0.6	0x0	remap 0x14972bc -> 0x1490998	0x1490998	port/src/native/api/fakeapi.cpp,port/src/native/api/gen/fakeapi_tables.inc
@0x149734c	FakeApiCaller lambda	lambda:N13FakeApiCaller18ExshopExchangeListEv#0.6	0x0	remap 0x149734c -> 0x1490a28	0x1490a28	port/src/native/api/fakeapi.cpp,port/src/native/api/gen/fakeapi_tables.inc
@0x14973dc	FakeApiCaller lambda	lambda:N13FakeApiCaller10ExItemShopEj#0.6	0x0	remap 0x14973dc -> 0x1490ab8	0x1490ab8	port/src/native/api/fakeapi.cpp,port/src/native/api/gen/fakeapi_tables.inc
@0x1497470	FakeApiCaller lambda	lambda:N13FakeApiCaller15MaterialComposeEjj#0.6	0x0	remap 0x1497470 -> 0x1490b4c	0x1490b4c	port/src/native/api/fakeapi.cpp,port/src/native/api/gen/fakeapi_tables.inc
@0x1497500	FakeApiCaller lambda	lambda:N13FakeApiCaller11StaminaHealEv#0.6	0x0	remap 0x1497500 -> 0x1490bdc	0x1490bdc	port/src/native/api/fakeapi.cpp,port/src/native/api/gen/fakeapi_tables.inc
@0x1497590	FakeApiCaller lambda	lambda:N13FakeApiCaller15UpdateFollowMaxEv#0.6	0x0	remap 0x1497590 -> 0x1490c6c	0x1490c6c	port/src/native/api/fakeapi.cpp,port/src/native/api/gen/fakeapi_tables.inc
@0x1497620	FakeApiCaller lambda	lambda:N13FakeApiCaller9GachaOnceEjPKa#0.6	0x0	remap 0x1497620 -> 0x1490cfc	0x1490cfc	port/src/native/api/fakeapi.cpp,port/src/native/api/gen/fakeapi_tables.inc
@0x14976b0	FakeApiCaller lambda	lambda:N13FakeApiCaller5GachaEjPKaj#0.6	0x0	remap 0x14976b0 -> 0x1490d8c	0x1490d8c	port/src/native/api/fakeapi.cpp,port/src/native/api/gen/fakeapi_tables.inc
@0x1497740	FakeApiCaller lambda	lambda:N13FakeApiCaller11GachaTicketEjjPKa#0.6	0x0	remap 0x1497740 -> 0x1490e1c	0x1490e1c	port/src/native/api/fakeapi.cpp,port/src/native/api/gen/fakeapi_tables.inc
@0x14977d0	FakeApiCaller lambda	lambda:N13FakeApiCaller8BoxGachaEjj#0.6	0x0	remap 0x14977d0 -> 0x1490eac	0x1490eac	port/src/native/api/fakeapi.cpp,port/src/native/api/gen/fakeapi_tables.inc
@0x1497860	FakeApiCaller lambda	lambda:N13FakeApiCaller13ResetBoxGachaEj#0.6	0x0	remap 0x1497860 -> 0x1490f3c	0x1490f3c	port/src/native/api/fakeapi.cpp,port/src/native/api/gen/fakeapi_tables.inc
@0x14978f0	FakeApiCaller lambda	lambda:N13FakeApiCaller11GetBoxGachaEv#0.6	0x0	remap 0x14978f0 -> 0x1490fcc	0x1490fcc	port/src/native/api/fakeapi.cpp,port/src/native/api/gen/fakeapi_tables.inc
@0x1497980	FakeApiCaller lambda	lambda:N13FakeApiCaller13SaleGachaOnceEjPKa#0.6	0x0	remap 0x1497980 -> 0x149105c	0x149105c	port/src/native/api/fakeapi.cpp,port/src/native/api/gen/fakeapi_tables.inc
@0x1497a10	FakeApiCaller lambda	lambda:N13FakeApiCaller9SaleGachaEjPKa#0.6	0x0	remap 0x1497a10 -> 0x14910ec	0x14910ec	port/src/native/api/fakeapi.cpp,port/src/native/api/gen/fakeapi_tables.inc
@0x1497aa0	FakeApiCaller lambda	lambda:N13FakeApiCaller12GetGachaRateEjPKa#0.6	0x0	remap 0x1497aa0 -> 0x149117c	0x149117c	port/src/native/api/fakeapi.cpp,port/src/native/api/gen/fakeapi_tables.inc
@0x1497b30	FakeApiCaller lambda	lambda:N13FakeApiCaller10FollowListEv#0.6	0x0	remap 0x1497b30 -> 0x149120c	0x149120c	port/src/native/api/fakeapi.cpp,port/src/native/api/gen/fakeapi_tables.inc
@0x1497bc0	FakeApiCaller lambda	lambda:N13FakeApiCaller9FollowAddEj#0.6	0x0	remap 0x1497bc0 -> 0x149129c	0x149129c	port/src/native/api/fakeapi.cpp,port/src/native/api/gen/fakeapi_tables.inc
@0x1497c50	FakeApiCaller lambda	lambda:N13FakeApiCaller12FollowRemoveEj#0.6	0x0	remap 0x1497c50 -> 0x149132c	0x149132c	port/src/native/api/fakeapi.cpp,port/src/native/api/gen/fakeapi_tables.inc
@0x1497ce0	FakeApiCaller lambda	lambda:N13FakeApiCaller9BlacklistEv#0.6	0x0	remap 0x1497ce0 -> 0x14913bc	0x14913bc	port/src/native/api/fakeapi.cpp,port/src/native/api/gen/fakeapi_tables.inc
@0x1497d70	FakeApiCaller lambda	lambda:N13FakeApiCaller12BlacklistAddEj#0.6	0x0	remap 0x1497d70 -> 0x149144c	0x149144c	port/src/native/api/fakeapi.cpp,port/src/native/api/gen/fakeapi_tables.inc
@0x1497e00	FakeApiCaller lambda	lambda:N13FakeApiCaller15BlacklistRemoveEj#0.6	0x0	remap 0x1497e00 -> 0x14914dc	0x14914dc	port/src/native/api/fakeapi.cpp,port/src/native/api/gen/fakeapi_tables.inc
@0x1497e90	FakeApiCaller lambda	lambda:N13FakeApiCaller14NeighborRegistEff#0.6	0x0	remap 0x1497e90 -> 0x149156c	0x149156c	port/src/native/api/fakeapi.cpp,port/src/native/api/gen/fakeapi_tables.inc
@0x1497f20	FakeApiCaller lambda	lambda:N13FakeApiCaller12NeighborListEff#0.6	0x0	remap 0x1497f20 -> 0x14915fc	0x14915fc	port/src/native/api/fakeapi.cpp,port/src/native/api/gen/fakeapi_tables.inc
@0x1497fb0	FakeApiCaller lambda	lambda:N13FakeApiCaller14LocationRegistEff#0.6	0x0	remap 0x1497fb0 -> 0x149168c	0x149168c	port/src/native/api/fakeapi.cpp,port/src/native/api/gen/fakeapi_tables.inc
@0x1498040	FakeApiCaller lambda	lambda:N13FakeApiCaller21AchievementActiveListEj#0.6	0x0	remap 0x1498040 -> 0x149171c	0x149171c	port/src/native/api/fakeapi.cpp,port/src/native/api/gen/fakeapi_tables.inc
@0x14980d0	FakeApiCaller lambda	lambda:N13FakeApiCaller18AchievementReceiveEm#0.6	0x0	remap 0x14980d0 -> 0x14917ac	0x14917ac	port/src/native/api/fakeapi.cpp,port/src/native/api/gen/fakeapi_tables.inc
@0x1498160	FakeApiCaller lambda	lambda:N13FakeApiCaller22AchievementReceiveListEv#0.6	0x0	remap 0x1498160 -> 0x149183c	0x149183c	port/src/native/api/fakeapi.cpp,port/src/native/api/gen/fakeapi_tables.inc
@0x14981f0	FakeApiCaller lambda	lambda:N13FakeApiCaller10UpdateHomeEm#0.6	0x0	remap 0x14981f0 -> 0x14918cc	0x14918cc	port/src/native/api/fakeapi.cpp,port/src/native/api/gen/fakeapi_tables.inc
@0x1498280	FakeApiCaller lambda	lambda:N13FakeApiCaller14UpdateTutorialEm#0.6	0x0	remap 0x1498280 -> 0x149195c	0x149195c	port/src/native/api/fakeapi.cpp,port/src/native/api/gen/fakeapi_tables.inc
@0x1498310	FakeApiCaller lambda	lambda:N13FakeApiCaller12NoLoginStartEPKa#0.6	0x0	remap 0x1498310 -> 0x14919ec	0x14919ec	port/src/native/api/fakeapi.cpp,port/src/native/api/gen/fakeapi_tables.inc
@0x14983a0	FakeApiCaller lambda	lambda:N13FakeApiCaller13GetServerTimeEv#0.6	0x0	remap 0x14983a0 -> 0x1491a7c	0x1491a7c	port/src/native/api/fakeapi.cpp,port/src/native/api/gen/fakeapi_tables.inc
@0x1498430	FakeApiCaller lambda	lambda:N13FakeApiCaller16CbtCertificationEPKa#0.6	0x0	remap 0x1498430 -> 0x1491b0c	0x1491b0c	port/src/native/api/fakeapi.cpp,port/src/native/api/gen/fakeapi_tables.inc
@0x14984c0	FakeApiCaller lambda	lambda:N13FakeApiCaller12SetStampSlotERKN9Framework10CSTLVectorIjEE#0.6	0x0	remap 0x14984c0 -> 0x1491b9c	0x1491b9c	port/src/native/api/fakeapi.cpp,port/src/native/api/gen/fakeapi_tables.inc
@0x1498550	FakeApiCaller lambda	lambda:N13FakeApiCaller8SetTitleEj#0.6	0x0	remap 0x1498550 -> 0x1491c2c	0x1491c2c	port/src/native/api/fakeapi.cpp,port/src/native/api/gen/fakeapi_tables.inc
@0x14985e0	FakeApiCaller lambda	lambda:N13FakeApiCaller17UpdateAwakenLevelEmj#0.6	0x0	remap 0x14985e0 -> 0x1491cbc	0x1491cbc	port/src/native/api/fakeapi.cpp,port/src/native/api/gen/fakeapi_tables.inc
@0x1498670	FakeApiCaller lambda	lambda:N13FakeApiCaller21DeepSpaceMissionStartEjjRKN9Framework10CSTLVectorImEE#0.6	0x0	remap 0x1498670 -> 0x1491d4c	0x1491d4c	port/src/native/api/fakeapi.cpp,port/src/native/api/gen/fakeapi_tables.inc
@0x1498700	FakeApiCaller lambda	lambda:N13FakeApiCaller19DeepSpaceMissionEndEj#0.6	0x0	remap 0x1498700 -> 0x1491ddc	0x1491ddc	port/src/native/api/fakeapi.cpp,port/src/native/api/gen/fakeapi_tables.inc
@0x1498790	FakeApiCaller lambda	lambda:N13FakeApiCaller22DeepSpaceMissionEndNowEj#0.6	0x0	remap 0x1498790 -> 0x1491e6c	0x1491e6c	port/src/native/api/fakeapi.cpp,port/src/native/api/gen/fakeapi_tables.inc
@0x1498820	FakeApiCaller lambda	lambda:N13FakeApiCaller25DeepSpaceAutoMemberSelectEjj#0.6	0x0	remap 0x1498820 -> 0x1491efc	0x1491efc	port/src/native/api/fakeapi.cpp,port/src/native/api/gen/fakeapi_tables.inc
@0x14988b0	FakeApiCaller lambda	lambda:N13FakeApiCaller12SendErrorLogEPKa#0.6	0x0	remap 0x14988b0 -> 0x1491f8c	0x1491f8c	port/src/native/api/fakeapi.cpp,port/src/native/api/gen/fakeapi_tables.inc
@0x1498940	FakeApiCaller lambda	lambda:N13FakeApiCaller12UseFavorItemEjjj#0.6	0x0	remap 0x1498940 -> 0x149201c	0x149201c	port/src/native/api/fakeapi.cpp,port/src/native/api/gen/fakeapi_tables.inc
@0x14989d0	FakeApiCaller lambda	lambda:N13FakeApiCaller18StaminaHealByFavorEv#0.6	0x0	remap 0x14989d0 -> 0x14920ac	0x14920ac	port/src/native/api/fakeapi.cpp,port/src/native/api/gen/fakeapi_tables.inc
@0x1498a60	FakeApiCaller lambda	lambda:N13FakeApiCaller16UpdateFavorByTapEj#0.6	0x0	remap 0x1498a60 -> 0x149213c	0x149213c	port/src/native/api/fakeapi.cpp,port/src/native/api/gen/fakeapi_tables.inc
@0x1498af0	FakeApiCaller lambda	lambda:N13FakeApiCaller14GetMasteryInfoEv#0.6	0x0	remap 0x1498af0 -> 0x14921cc	0x14921cc	port/src/native/api/fakeapi.cpp,port/src/native/api/gen/fakeapi_tables.inc
@0x1498b80	FakeApiCaller lambda	lambda:N13FakeApiCaller12TrainMasteryEmmhjhh#0.6	0x0	remap 0x1498b80 -> 0x149225c	0x149225c	port/src/native/api/fakeapi.cpp,port/src/native/api/gen/fakeapi_tables.inc
@0x1498c10	FakeApiCaller lambda	lambda:N13FakeApiCaller12ResetMasteryEmm#0.6	0x0	remap 0x1498c10 -> 0x14922ec	0x14922ec	port/src/native/api/fakeapi.cpp,port/src/native/api/gen/fakeapi_tables.inc
@0x1498ca0	FakeApiCaller lambda	lambda:N13FakeApiCaller11GetDecoInfoEv#0.6	0x0	remap 0x1498ca0 -> 0x149237c	0x149237c	port/src/native/api/fakeapi.cpp,port/src/native/api/gen/fakeapi_tables.inc
@0x1498d30	FakeApiCaller lambda	lambda:N13FakeApiCaller18FavoriteDecoObjectERKN9Framework10CSTLVectorIjEE#0.6	0x0	remap 0x1498d30 -> 0x149240c	0x149240c	port/src/native/api/fakeapi.cpp,port/src/native/api/gen/fakeapi_tables.inc
@0x1498dc0	FakeApiCaller lambda	lambda:N13FakeApiCaller20UnFavoriteDecoObjectERKN9Framework10CSTLVectorIjEE#0.6	0x0	remap 0x1498dc0 -> 0x149249c	0x149249c	port/src/native/api/fakeapi.cpp,port/src/native/api/gen/fakeapi_tables.inc
@0x1498e50	FakeApiCaller lambda	lambda:N13FakeApiCaller16SetCharacterDecoEv#0.6	0x0	remap 0x1498e50 -> 0x149252c	0x149252c	port/src/native/api/fakeapi.cpp,port/src/native/api/gen/fakeapi_tables.inc
