vaddr	ghidra	size	symbol	demangled	topic	status	note
0x1148a4c	0x1248a4c	360	_ZNSt6__ndk112basic_stringIcNS_11char_traitsIcEEN9Framework13CSTLAllocatorIcNS3_22CSTLStringAllocatorInfEEEE21__grow_by_and_replaceEmmmmmmPKc	std::__ndk1::basic_string<char, std::__ndk1::char_traits<char>, Framework::CSTLAllocator<char, Framework::CSTLStringAllocatorInf> >::__grow_by_and_replace(unsigned long, unsigned long, unsigned long, unsigned long, unsigned long, unsigned long, char const*)	string	native	
0x1148e70	0x1248e70	432	_ZNSt6__ndk112basic_stringIcNS_11char_traitsIcEEN9Framework13CSTLAllocatorIcNS3_22CSTLStringAllocatorInfEEEE7replaceEmmPKcm	std::__ndk1::basic_string<char, std::__ndk1::char_traits<char>, Framework::CSTLAllocator<char, Framework::CSTLStringAllocatorInf> >::replace(unsigned long, unsigned long, char const*, unsigned long)	string	native	
0x1149020	0x1249020	392	_ZNSt6__ndk112basic_stringIcNS_11char_traitsIcEEN9Framework13CSTLAllocatorIcNS3_22CSTLStringAllocatorInfEEEE7reserveEm	std::__ndk1::basic_string<char, std::__ndk1::char_traits<char>, Framework::CSTLAllocator<char, Framework::CSTLStringAllocatorInf> >::reserve(unsigned long)	string	native	
0x1157808	0x1257808	320	_ZNSt6__ndk112basic_stringIcNS_11char_traitsIcEEN9Framework13CSTLAllocatorIcNS3_22CSTLStringAllocatorInfEEEE9__grow_byEmmmmmm	std::__ndk1::basic_string<char, std::__ndk1::char_traits<char>, Framework::CSTLAllocator<char, Framework::CSTLStringAllocatorInf> >::__grow_by(unsigned long, unsigned long, unsigned long, unsigned long, unsigned long, unsigned long)	string	native	
0x1160314	0x1260314	328	_ZNSt6__ndk16__treeINS_12__value_typeIjP18IParameterPropertyEENS_19__map_value_compareIjS4_NS_4lessIjEELb1EEEN9Framework13CSTLAllocatorIS4_NS9_19CSTLMapAllocatorInfEEEE25__emplace_unique_key_argsIjJjRS3_EEENS_4pairINS_15__tree_iteratorIS4_PNS_11__tree_nodeIS4_PvEElEEbEERKT_DpOT0_	std::__ndk1::pair<std::__ndk1::__tree_iterator<std::__ndk1::__value_type<unsigned int, IParameterProperty*>, std::__ndk1::__tree_node<std::__ndk1::__value_type<unsigned int, IParameterProperty*>, void*>*, long>, bool> std::__ndk1::__tree<std::__ndk1::__value_type<unsigned int, IParameterProperty*>, std::__ndk1::__map_value_compare<unsigned int, std::__ndk1::__value_type<unsigned int, IParameterProperty*>, std::__ndk1::less<unsigned int>, true>, Framework::CSTLAllocator<std::__ndk1::__value_type<unsigned int, IParameterProperty*>, Framework::CSTLMapAllocatorInf> >::__emplace_unique_key_args<unsigned int, unsigned int, IParameterProperty*&>(unsigned int const&, unsigned int&&, IParameterProperty*&)	tree	typed	
0x116045c	0x126045c	432	_ZNSt6__ndk127__tree_balance_after_insertIPNS_16__tree_node_baseIPvEEEEvT_S5_	void std::__ndk1::__tree_balance_after_insert<std::__ndk1::__tree_node_base<void*>*>(std::__ndk1::__tree_node_base<void*>*, std::__ndk1::__tree_node_base<void*>*)	tree	typed	
0x1161438	0x1261438	72	_ZNSt6__ndk16__treeINS_12__value_typeIjP18IParameterPropertyEENS_19__map_value_compareIjS4_NS_4lessIjEELb1EEEN9Framework13CSTLAllocatorIS4_NS9_19CSTLMapAllocatorInfEEEE7destroyEPNS_11__tree_nodeIS4_PvEE	std::__ndk1::__tree<std::__ndk1::__value_type<unsigned int, IParameterProperty*>, std::__ndk1::__map_value_compare<unsigned int, std::__ndk1::__value_type<unsigned int, IParameterProperty*>, std::__ndk1::less<unsigned int>, true>, Framework::CSTLAllocator<std::__ndk1::__value_type<unsigned int, IParameterProperty*>, Framework::CSTLMapAllocatorInf> >::destroy(std::__ndk1::__tree_node<std::__ndk1::__value_type<unsigned int, IParameterProperty*>, void*>*)	tree	typed	
0x11a929c	0x12a929c	556	_ZNSt6__ndk16vectorINS_12basic_stringIcNS_11char_traitsIcEEN9Framework13CSTLAllocatorIcNS4_22CSTLStringAllocatorInfEEEEENS5_IS8_NS4_22CSTLVectorAllocatorInfEEEE21__push_back_slow_pathIS8_EEvOT_	void std::__ndk1::vector<std::__ndk1::basic_string<char, std::__ndk1::char_traits<char>, Framework::CSTLAllocator<char, Framework::CSTLStringAllocatorInf> >, Framework::CSTLAllocator<std::__ndk1::basic_string<char, std::__ndk1::char_traits<char>, Framework::CSTLAllocator<char, Framework::CSTLStringAllocatorInf> >, Framework::CSTLVectorAllocatorInf> >::__push_back_slow_path<std::__ndk1::basic_string<char, std::__ndk1::char_traits<char>, Framework::CSTLAllocator<char, Framework::CSTLStringAllocatorInf> > >(std::__ndk1::basic_string<char, std::__ndk1::char_traits<char>, Framework::CSTLAllocator<char, Framework::CSTLStringAllocatorInf> >&&)	vector_list_function	typed	
0x1311f44	0x1411f44	260	_ZNSt6__ndk112basic_stringIcNS_11char_traitsIcEEN9Framework13CSTLAllocatorIcNS3_22CSTLStringAllocatorInfEEEE6insertEmPKc	std::__ndk1::basic_string<char, std::__ndk1::char_traits<char>, Framework::CSTLAllocator<char, Framework::CSTLStringAllocatorInf> >::insert(unsigned long, char const*)	string	typed	
0x17e59a4	0x18e59a4	500	_ZNSt6__ndk113unordered_mapIjbNS_4hashIjEENS_8equal_toIjEEN9Framework13CSTLAllocatorINS_4pairIKjbEENS5_28CSTLUnorderedMapAllocatorInfEEEEixEOj	std::__ndk1::unordered_map<unsigned int, bool, std::__ndk1::hash<unsigned int>, std::__ndk1::equal_to<unsigned int>, Framework::CSTLAllocator<std::__ndk1::pair<unsigned int const, bool>, Framework::CSTLUnorderedMapAllocatorInf> >::operator[](unsigned int&&)	hash	typed	
0x17f6818	0x18f6818	524	_ZNSt6__ndk112__hash_tableINS_17__hash_value_typeIjbEENS_22__unordered_map_hasherIjS2_NS_4hashIjEELb1EEENS_21__unordered_map_equalIjS2_NS_8equal_toIjEELb1EEEN9Framework13CSTLAllocatorIS2_NSB_28CSTLUnorderedMapAllocatorInfEEEE8__rehashEm	std::__ndk1::__hash_table<std::__ndk1::__hash_value_type<unsigned int, bool>, std::__ndk1::__unordered_map_hasher<unsigned int, std::__ndk1::__hash_value_type<unsigned int, bool>, std::__ndk1::hash<unsigned int>, true>, std::__ndk1::__unordered_map_equal<unsigned int, std::__ndk1::__hash_value_type<unsigned int, bool>, std::__ndk1::equal_to<unsigned int>, true>, Framework::CSTLAllocator<std::__ndk1::__hash_value_type<unsigned int, bool>, Framework::CSTLUnorderedMapAllocatorInf> >::__rehash(unsigned long)	hash	typed	
0x17ff528	0x18ff528	300	_ZNSt6__ndk14listINS_12basic_stringIcNS_11char_traitsIcEEN9Framework13CSTLAllocatorIcNS4_22CSTLStringAllocatorInfEEEEENS5_IS8_NS4_20CSTLListAllocatorInfEEEE12emplace_backIJRPKcEEEvDpOT_	void std::__ndk1::list<std::__ndk1::basic_string<char, std::__ndk1::char_traits<char>, Framework::CSTLAllocator<char, Framework::CSTLStringAllocatorInf> >, Framework::CSTLAllocator<std::__ndk1::basic_string<char, std::__ndk1::char_traits<char>, Framework::CSTLAllocator<char, Framework::CSTLStringAllocatorInf> >, Framework::CSTLListAllocatorInf> >::emplace_back<char const*&>(char const*&)	vector_list_function	typed	
0x17ffa8c	0x18ffa8c	656	_ZNSt6__ndk14listINS_12basic_stringIcNS_11char_traitsIcEEN9Framework13CSTLAllocatorIcNS4_22CSTLStringAllocatorInfEEEEENS5_IS8_NS4_20CSTLListAllocatorInfEEEE6removeERKS8_	std::__ndk1::list<std::__ndk1::basic_string<char, std::__ndk1::char_traits<char>, Framework::CSTLAllocator<char, Framework::CSTLStringAllocatorInf> >, Framework::CSTLAllocator<std::__ndk1::basic_string<char, std::__ndk1::char_traits<char>, Framework::CSTLAllocator<char, Framework::CSTLStringAllocatorInf> >, Framework::CSTLListAllocatorInf> >::remove(std::__ndk1::basic_string<char, std::__ndk1::char_traits<char>, Framework::CSTLAllocator<char, Framework::CSTLStringAllocatorInf> > const&)	vector_list_function	typed	
0x1816130	0x1916130	124	_ZNKSt6__ndk110__function6__funcINS_8functionIFvblEEENS_9allocatorIS4_EEFvbmEE7__cloneEv	std::__ndk1::__function::__func<std::__ndk1::function<void (bool, long)>, std::__ndk1::allocator<std::__ndk1::function<void (bool, long)> >, void (bool, unsigned long)>::__clone() const	vector_list_function	typed	
0x18161ac	0x19161ac	108	_ZNKSt6__ndk110__function6__funcINS_8functionIFvblEEENS_9allocatorIS4_EEFvbmEE7__cloneEPNS0_6__baseIS7_EE	std::__ndk1::__function::__func<std::__ndk1::function<void (bool, long)>, std::__ndk1::allocator<std::__ndk1::function<void (bool, long)> >, void (bool, unsigned long)>::__clone(std::__ndk1::__function::__base<void (bool, unsigned long)>*) const	vector_list_function	typed	
0x1dc5f88	0x1ec5f88	20	_ZNSt6__ndk112basic_stringIcNS_11char_traitsIcEEN9Framework13CSTLAllocatorIcNS3_22CSTLStringAllocatorInfEEEED2Ev	std::__ndk1::basic_string<char, std::__ndk1::char_traits<char>, Framework::CSTLAllocator<char, Framework::CSTLStringAllocatorInf> >::~basic_string()	string	typed	
0x265aba8	0x275aba8	1868	_ZNSt6__ndk112__next_primeEm	std::__ndk1::__next_prime(unsigned long)	hash	typed	
0x269537c	0x279537c	24	_ZNSt6__ndk114__shared_count12__add_sharedEv	std::__ndk1::__shared_count::__add_shared()	shared_ptr	tested	native: libcxx_shared_count.cpp
0x2695394	0x2795394	64	_ZNSt6__ndk114__shared_count16__release_sharedEv	std::__ndk1::__shared_count::__release_shared()	shared_ptr	tested	native: libcxx_shared_count.cpp
0x26953d8	0x27953d8	24	_ZNSt6__ndk119__shared_weak_count12__add_sharedEv	std::__ndk1::__shared_weak_count::__add_shared()	shared_ptr	tested	native: libcxx_shared_count.cpp
0x26953f0	0x27953f0	24	_ZNSt6__ndk119__shared_weak_count10__add_weakEv	std::__ndk1::__shared_weak_count::__add_weak()	shared_ptr	tested	native: libcxx_shared_count.cpp
0x2695408	0x2795408	116	_ZNSt6__ndk119__shared_weak_count16__release_sharedEv	std::__ndk1::__shared_weak_count::__release_shared()	shared_ptr	tested	native: libcxx_shared_count.cpp
0x269547c	0x279547c	40	_ZNSt6__ndk119__shared_weak_count14__release_weakEv	std::__ndk1::__shared_weak_count::__release_weak()	shared_ptr	tested	native: libcxx_shared_count.cpp
0x26954a4	0x27954a4	68	_ZNSt6__ndk119__shared_weak_count4lockEv	std::__ndk1::__shared_weak_count::lock()	shared_ptr	tested	native: libcxx_shared_count.cpp
