message_id	ja_sha1	en	source	engine	date	editor	note
C129_010_01	fadcc2d65b04e8254368aedab8063fa50a23c278	Now, let's settle this once and\nfor all.	machine	gemma-4-31B-it/qat-UD-Q4_K_XL/v2+story-v1/llama.cpp-b11443/t0	2026-10-07		
C129_010_02	f838878b2a11591ece56e7045d2dabee88145b95	I'm not the same as I was last\nyear, Ms. Eve! Can you still say\nthat after seeing this form!!	machine	gemma-4-31B-it/qat-UD-Q4_K_XL/v2+story-v1/llama.cpp-b11443/t0	2026-10-07		
C129_010_03	802fcc486178553b305e89a87a57a3ae04079d9c	Ugh...! No matter what form\nyou take, I won't lose!!	machine	gemma-4-31B-it/qat-UD-Q4_K_XL/v2+story-v1/llama.cpp-b11443/t0	2026-10-07		
C129_010_04	b9dcd03432d050b7a40f24c0519a6b2fc6ac3730	Hehehe... I wonder how long\nthat bravado will last.	machine	gemma-4-31B-it/qat-UD-Q4_K_XL/v2+story-v1/llama.cpp-b11443/t0	2026-10-07		
C129_010_05	b2594dc8f0cc79b5fc80073cbe1e5038a548d989	Now, let the battle begin...!	machine	gemma-4-31B-it/qat-UD-Q4_K_XL/v2+story-v1/llama.cpp-b11443/t0	2026-10-07		
C129_010_06	a146981aaa3f52580551a2da64c9e2e28826bcbc	*Sigh*... What on earth is this\nperformance?	machine	gemma-4-31B-it/qat-UD-Q4_K_XL/v2+story-v1/llama.cpp-b11443/t0	2026-10-07		
C129_010_07	b8d87e7a243ac7f736b239726e6b6a0386da2fd0	Apparently, it's a hanetsuki\nmatch between Eve and Coro.\nThey couldn't settle it last\nyear, so they're determined to\ndo it this year...	machine	gemma-4-31B-it/qat-UD-Q4_K_XL/v2+story-v1/llama.cpp-b11443/t0	2026-10-07		
C129_010_08	c92734407633ababb8203cafcd96a21f9d72207f	Hanetsuki, huh... For that, Coro\nseems to be wearing some\nrather extreme gear.	machine	gemma-4-31B-it/qat-UD-Q4_K_XL/v2+story-v1/llama.cpp-b11443/t0	2026-10-07		
C129_010_09	a026aa28a80b5ea95a10dbee314cce05f8b714e2	Um, it's called the "Ultimate\nHanetsuki Weapon:\n<font color=yellow>Lucky-Bringing Darmizer '56</font>."	machine	gemma-4-31B-it/qat-UD-Q4_K_XL/v2+story-v1/llama.cpp-b11443/t0	2026-10-07		
C129_010_10	ba449d2596421be56814b23e9799910366128a5b	According to the instruction\nmanual, it has a body made of\nspecial alloys with barriers\ncreated by Symbol Arts, and\nby linking Coro's AI to it...	machine	gemma-4-31B-it/qat-UD-Q4_K_XL/v2+story-v1/llama.cpp-b11443/t0	2026-10-07		
C129_010_11	d50711596941977d9f6f93e1a9868fec2b2610fa	I don't really get it, but I can\ntell that it's definitely not\nequipment meant for playing\nhanetsuki,	machine	gemma-4-31B-it/qat-UD-Q4_K_XL/v2+story-v1/llama.cpp-b11443/t0	2026-10-07		
C129_010_12	c435e5f2794cd916d791a0553e6357a54f5033ab	and that Eve's physical abilities\nare completely insane for being\nable to keep up with it.	machine	gemma-4-31B-it/qat-UD-Q4_K_XL/v2+story-v1/llama.cpp-b11443/t0	2026-10-07		
C129_010_13	23503ad55de51f051e7b283a04b7129b3b2b12d4	So, Captain. I take it you're the\nwitness for this duel of the\ncentury.	machine	gemma-4-31B-it/qat-UD-Q4_K_XL/v2+story-v1/llama.cpp-b11443/t0	2026-10-07		
C129_010_14	54774f6a3a2760bae8ad19329406e8f332c780ab	There's no need to use a word\nas ominous as "duel."	machine	gemma-4-31B-it/qat-UD-Q4_K_XL/v2+story-v1/llama.cpp-b11443/t0	2026-10-07		
C129_010_15	15e1fa8f25d7b4aa3523bc80e7084b0f915b230b	Getting some moderate\nexercise during the New Year,\nwhen it's easy to just eat and\nsleep... isn't that a good thing?	machine	gemma-4-31B-it/qat-UD-Q4_K_XL/v2+story-v1/llama.cpp-b11443/t0	2026-10-07		
C129_010_16	cb9fd57877168bd58ae39f7fcc510807598f8d07	I'll settle it right here!\nHaaaaaaaaaaaa!!	machine	gemma-4-31B-it/qat-UD-Q4_K_XL/v2+story-v1/llama.cpp-b11443/t0	2026-10-07		
C129_010_17	d461f043e78c17105dbd3ce6b1b29ef6c366e332	This is nothing! Try this!!	machine	gemma-4-31B-it/qat-UD-Q4_K_XL/v2+story-v1/llama.cpp-b11443/t0	2026-10-07		
C129_010_18	7a615055a68bbaf00d6c4a71fa1b54fe386956fc	I think you're just as delusional\nfor calling this carnage\n"moderate exercise."	machine	gemma-4-31B-it/qat-UD-Q4_K_XL/v2+story-v1/llama.cpp-b11443/t0	2026-10-07		
C129_010_20	946e80de77f3cce5621b0cb250d4afbfc98c4cac	Still, what a lovely place. I can't\nbelieve there's such an open\narea at the peak of a mountain\nrange.	machine	gemma-4-31B-it/qat-UD-Q4_K_XL/v2+story-v1/llama.cpp-b11443/t0	2026-10-07		
C129_010_21	81899d7518b1713b3894cfb4d55bc1248e2d945a	It's a great spot for a vacation.\nI don't dislike the sea of stars,\nbut I still prefer to spend my\nleisure time with my feet on\nthe ground.	machine	gemma-4-31B-it/qat-UD-Q4_K_XL/v2+story-v1/llama.cpp-b11443/t0	2026-10-07		
C129_010_22	d3f0c68ba84768f97e7ff0a542e494107c8a0e50	Just to be safe, I've hidden the\nship with the cloaking device,\nand since there are steep\nmountains all around, it should\nonly be visible from above.	machine	gemma-4-31B-it/qat-UD-Q4_K_XL/v2+story-v1/llama.cpp-b11443/t0	2026-10-07		
C129_010_23	63f7bc7b4b53351694b4f2bf75bd4afc7b7ba558	Besides, the civilization level of\nthis planet is roughly\nequivalent to Earth's Middle\nAges, so there's no way we'll\nbe discovered...	machine	gemma-4-31B-it/qat-UD-Q4_K_XL/v2+story-v1/llama.cpp-b11443/t0	2026-10-07		
C129_010_24	ec9b2a919d4e6111780c8fe5966685e086b20658	Hmph, I wonder about that.	machine	gemma-4-31B-it/qat-UD-Q4_K_XL/v2+story-v1/llama.cpp-b11443/t0	2026-10-07		
C129_010_25	5b8d7982954d221e2bcfa23514aa448bec1dd919	Huh?	machine	gemma-4-31B-it/qat-UD-Q4_K_XL/v2+story-v1/llama.cpp-b11443/t0	2026-10-07		
C129_010_26	840f9ff1da5ce8a6bf847b11db3ad0490c49a517	I... I can't believe it...	machine	gemma-4-31B-it/qat-UD-Q4_K_XL/v2+story-v1/llama.cpp-b11443/t0	2026-10-07		
C129_010_27	02db22a2b089df921e8a9d0a85263a2446eb0da8	Hm? Is that a local?	machine	gemma-4-31B-it/qat-UD-Q4_K_XL/v2+story-v1/llama.cpp-b11443/t0	2026-10-07		
C129_010_28	6e63b9d17180c3b512097ba6d5046dfd5d2883d2	No way, did they actually climb\nthese steep mountains?!	machine	gemma-4-31B-it/qat-UD-Q4_K_XL/v2+story-v1/llama.cpp-b11443/t0	2026-10-07		
C129_010_29	7e581213056c8ae9777aec279cea295c48d103dc	Local Elder: Over here! They're\nover here! No... they are right\nhere!!	machine	gemma-4-31B-it/qat-UD-Q4_K_XL/v2+story-v1/llama.cpp-b11443/t0	2026-10-07		
C129_010_30	c17e1ab5d365e7f1b8a5be7da88e6c6d2d5548ca	Local Woman: Oh, how divine...\nYou must be the party of\ngoddesses the <font color=yellow>Kannagi</font> spoke\nof!	machine	gemma-4-31B-it/qat-UD-Q4_K_XL/v2+story-v1/llama.cpp-b11443/t0	2026-10-07		
C129_010_31	ea322dd58142b6dc402535b1eae62ce4e79f451e	Wait, what is going on?!	machine	gemma-4-31B-it/qat-UD-Q4_K_XL/v2+story-v1/llama.cpp-b11443/t0	2026-10-07		
C129_010_32	76caf3b4402dc993ade03efd9eb65fc406ea5f70	This is bad. Coro, hide us! Now!\nAnd contact the others who\nare resting!	machine	gemma-4-31B-it/qat-UD-Q4_K_XL/v2+story-v1/llama.cpp-b11443/t0	2026-10-07		
C129_010_33	a72d7eeb06e4a6934a774dd895983da5d6f59ef0	Y-yeeessss!!!	machine	gemma-4-31B-it/qat-UD-Q4_K_XL/v2+story-v1/llama.cpp-b11443/t0	2026-10-07		
C129_010_34	99710e4b952d42e0f83700a4cc8abc776e1e9224	Local Elder: Oh! As expected\nof a warrior serving the\ngoddesses! With a single shout,\nyou have exorcised that evil\npresence!	machine	gemma-4-31B-it/qat-UD-Q4_K_XL/v2+story-v1/llama.cpp-b11443/t0	2026-10-07		
C129_010_35	6bb5d20e21f95777ea348a0cd1948bd1f96afbde	Huh? No...	machine	gemma-4-31B-it/qat-UD-Q4_K_XL/v2+story-v1/llama.cpp-b11443/t0	2026-10-07		
C129_010_36	a594f3927210b9cf2cedda05597cde34b8db37c8	Local Man: Grandpa, we can\ntalk about that later! Come on,\neveryone, stop dawdling! The\nKannagi told us!	machine	gemma-4-31B-it/qat-UD-Q4_K_XL/v2+story-v1/llama.cpp-b11443/t0	2026-10-07		
C129_010_37	59f095eb8b06dc55cfce49fc29f37aee79ff9515	Local Man: The beautiful\ngoddesses of war are\nexhausted from their battle\nagainst evil. We must hurry and\ninvite them to our feast to\nrestore their strength!	machine	gemma-4-31B-it/qat-UD-Q4_K_XL/v2+story-v1/llama.cpp-b11443/t0	2026-10-07		
C129_010_38	2d9cc845bee57f6c7a8b8a86b78837bbb7e4d708	Local Residents: Yeah!!	machine	gemma-4-31B-it/qat-UD-Q4_K_XL/v2+story-v1/llama.cpp-b11443/t0	2026-10-07		
C129_010_39	65ebdb4871ffe18282675e634259797add2336e1	Local Woman: Please,\nGoddesses. We have prepared\npalanquins for you. Please,\nstep inside!	machine	gemma-4-31B-it/qat-UD-Q4_K_XL/v2+story-v1/llama.cpp-b11443/t0	2026-10-07		
C129_010_40	10f6cccec26945c7e0b2eb291b04e8e6208494bb	Wait, what is actually going on\nhere!?	machine	gemma-4-31B-it/qat-UD-Q4_K_XL/v2+story-v1/llama.cpp-b11443/t0	2026-10-07		
C129_010_41	a9be7c2f3e092f6d5e748ee47ea7381f9e528b19	What should we do, Captain! At\nthis rate, they're really going to\ncarry us away!	machine	gemma-4-31B-it/qat-UD-Q4_K_XL/v2+story-v1/llama.cpp-b11443/t0	2026-10-07		
C129_010_43	5ca8daba0aa95cb499133767f4e82fa0f181c26d	Are you saying we should just\ngo along with them... Is that\nreally okay!?	machine	gemma-4-31B-it/qat-UD-Q4_K_XL/v2+story-v1/llama.cpp-b11443/t0	2026-10-07		
C129_010_44	e97bddf9a7da622237fa5ff958b409ab00d232cf	Look at the desperation on\nthese people's faces. There\nmust be a reason for this. As\nthe Captain said, let's at least\nhear them out.	machine	gemma-4-31B-it/qat-UD-Q4_K_XL/v2+story-v1/llama.cpp-b11443/t0	2026-10-07		
C129_010_45	73ec28741ed1b0692cd6fc49884ed5cd70e69d0d	Eleyna, can you see something\nwe can't?	machine	gemma-4-31B-it/qat-UD-Q4_K_XL/v2+story-v1/llama.cpp-b11443/t0	2026-10-07		
C129_010_46	0066769c4efde7b37f24b0bdcdcc93708a1e3066	Who knows. Come on, let's go.\nCelebrating the New Year with\nsome local sake doesn't sound\ntoo bad.	machine	gemma-4-31B-it/qat-UD-Q4_K_XL/v2+story-v1/llama.cpp-b11443/t0	2026-10-07		
C129_020_01	b3eb91ee7b2666eba7efdf67be75fd83bddef22c	The priestess spoke of the\nfirst day of the Month of\nHarmony.	machine	gemma-4-31B-it/qat-UD-Q4_K_XL/v2+story-v1/llama.cpp-b11443/t0	2026-10-07		
C129_020_02	cb811735afa0b85713baaf382a877ab2db9c9f99	Upon the peaks of the\nmountains in the East, three\nstars descended alongside the\nrising sun.	machine	gemma-4-31B-it/qat-UD-Q4_K_XL/v2+story-v1/llama.cpp-b11443/t0	2026-10-07		
C129_020_03	27ebea6e9763fbc8ba0942bc72546e7900d7f408	These three stars were divine\nmaidens sent to battle the evil\ndemons plaguing the land.	machine	gemma-4-31B-it/qat-UD-Q4_K_XL/v2+story-v1/llama.cpp-b11443/t0	2026-10-07		
C129_020_04	d4f78ee5e518ebd47f451811c3827f783770fae8	Drawing strength from the\nhealing feasts offered by the\npeople,	machine	gemma-4-31B-it/qat-UD-Q4_K_XL/v2+story-v1/llama.cpp-b11443/t0	2026-10-07		
C129_020_05	c8c284992ff4da496b483af1af996592b8f08ad1	The princesses shall slay the\ndemons and restore a pure\nbreeze to this land.	machine	gemma-4-31B-it/qat-UD-Q4_K_XL/v2+story-v1/llama.cpp-b11443/t0	2026-10-07		
C129_020_06	9c188f6eddbb013e1f5eae776bc342e9c58439fb	First a food shortage due to\ncrop failure, and now a plague...\nThis country seems to be in\nquite a state of chaos.	machine	gemma-4-31B-it/qat-UD-Q4_K_XL/v2+story-v1/llama.cpp-b11443/t0	2026-10-07		
C129_020_07	9355ff13e311f4270aed24a899f34430075f421c	And then there's us, just\nhappening to be at the exact\nspot predicted by that famous\nfortune teller... the "Kannagi,"\nwas it?	machine	gemma-4-31B-it/qat-UD-Q4_K_XL/v2+story-v1/llama.cpp-b11443/t0	2026-10-07		
C129_020_08	31637a24524df50196b93e61e76e32e3427b3323	The people here seem\nabsolutely convinced that\nsimply hosting us will be\nenough to save them from\ntheir current plight...	machine	gemma-4-31B-it/qat-UD-Q4_K_XL/v2+story-v1/llama.cpp-b11443/t0	2026-10-07		
C129_020_09	5159e4705c0308d2365a0901f759fc70b13dfd26	"Situation analysis complete! It\nappears the widespread crop\nfailure in this region is due to\nclimate change.	machine	gemma-4-31B-it/qat-UD-Q4_K_XL/v2+story-v1/llama.cpp-b11443/t0	2026-10-07		
C129_020_10	762dfae8160b40f9fd2786b89d4c826fde99e74f	As for the plague, it is a result\nof malnutrition caused by the\nfood shortage; I found no\nevidence of advanced\ncivilizations being involved."	machine	gemma-4-31B-it/qat-UD-Q4_K_XL/v2+story-v1/llama.cpp-b11443/t0	2026-10-07		
C129_020_11	bd5f18ce53c2fac46d631a0797395318cffa6401	So the people of this land are\nfacing hardships that are\nsimply a byproduct of natural\nevolution?	machine	gemma-4-31B-it/qat-UD-Q4_K_XL/v2+story-v1/llama.cpp-b11443/t0	2026-10-07		
C129_020_12	42db2c613e6ebfb5435d6158292f644b7d6ff7f6	"That seems to be the case..."	machine	gemma-4-31B-it/qat-UD-Q4_K_XL/v2+story-v1/llama.cpp-b11443/t0	2026-10-07		
C129_020_13	f9b278fe91c39985f1bcc58b7c20f51dfcb11da4	"Captain, this is a difficult\ndecision, but intervening to\nsave them would be a violation\nof the Uncivilized Planet\nProtection Treaty."	machine	gemma-4-31B-it/qat-UD-Q4_K_XL/v2+story-v1/llama.cpp-b11443/t0	2026-10-07		
C129_020_15	9c434e996cd07b812f65d79cb566ca86c2888cf6	"Captain, you're saying we're\njust going to find a chance to\nleave... and abandon the people\nof this country!!"	machine	gemma-4-31B-it/qat-UD-Q4_K_XL/v2+story-v1/llama.cpp-b11443/t0	2026-10-07		
C129_020_16	baba3e8daafea74397d8cedbea336eb51ae9e4ac	"Hey, Eve, keep your voice\ndown. They'll hear you."	machine	gemma-4-31B-it/qat-UD-Q4_K_XL/v2+story-v1/llama.cpp-b11443/t0	2026-10-07		
C129_020_17	fca77847644ed545f9a447e5fe920b941c4be056	"But..."	machine	gemma-4-31B-it/qat-UD-Q4_K_XL/v2+story-v1/llama.cpp-b11443/t0	2026-10-07		
C129_020_18	996ff8d8a742158f58607c834485c71c9475acc0	"...That is the law of nature. If\nwe intervene and force an\nunnatural evolution upon them,\nit could lead to an even worse\nsituation."	machine	gemma-4-31B-it/qat-UD-Q4_K_XL/v2+story-v1/llama.cpp-b11443/t0	2026-10-07		
C129_020_19	67589ecaddc97a22eb660d68067d7f58b634befe	"All we can do is leave quietly\nand pray that they overcome\nthis hardship through their own\nstrength."	machine	gemma-4-31B-it/qat-UD-Q4_K_XL/v2+story-v1/llama.cpp-b11443/t0	2026-10-07		
C129_020_20	63b73424675e5ce1eab1bcaab72e3c923fb81202	"Helping people in an\nunderdeveloped civilization\nwithout caution could warp\ntheir path of evolution..."	machine	gemma-4-31B-it/qat-UD-Q4_K_XL/v2+story-v1/llama.cpp-b11443/t0	2026-10-07		
C129_020_21	5ac9ce2156ad1ff698330b7a93869973dc461b57	"Baschen might have been in a\nstate like that after Givel\nappeared..."	machine	gemma-4-31B-it/qat-UD-Q4_K_XL/v2+story-v1/llama.cpp-b11443/t0	2026-10-07		
C129_020_22	ccfe7ef16dfecd2d3497cdad244944a5963e8c4e	"He left everything to Givel and\nstopped thinking for himself,\nand as a result, he was used."	machine	gemma-4-31B-it/qat-UD-Q4_K_XL/v2+story-v1/llama.cpp-b11443/t0	2026-10-07		
C129_020_24	edf8dda2deec41811171dc09b00b0c57287c45c2	Local Elder: "What is the\nmatter, Goddesses! Such\ngloomy faces will bring us bad\nluck!"	machine	gemma-4-31B-it/qat-UD-Q4_K_XL/v2+story-v1/llama.cpp-b11443/t0	2026-10-07		
C129_020_25	c09d7a639e10d305792a1988222b1f31327eef2b	Local Woman: "This meal is\nhumble and may not be to your\nliking, but please, help\nyourselves."	machine	gemma-4-31B-it/qat-UD-Q4_K_XL/v2+story-v1/llama.cpp-b11443/t0	2026-10-07		
C129_020_26	61f8a295dc3cca5f06fef0100483b89aff904288	"Was that the elder and his\ngranddaughter? I don't see any\nfood for you two; aren't you\neating?"	machine	gemma-4-31B-it/qat-UD-Q4_K_XL/v2+story-v1/llama.cpp-b11443/t0	2026-10-07		
C129_020_27	910c6563a07fc36a240719e870f41d73e7c33dac	Elder's Granddaughter: It would\nbe far too bold for us to share\na meal with the Goddesses...\nplease, do not mind us...	machine	gemma-4-31B-it/qat-UD-Q4_K_XL/v2+story-v1/llama.cpp-b11443/t0	2026-10-07		
C129_020_29	6b65ea4cda7f87d1a61dc1d7b07d03d4e7a93ce4	Is something bothering you?	machine	gemma-4-31B-it/qat-UD-Q4_K_XL/v2+story-v1/llama.cpp-b11443/t0	2026-10-07		
C129_020_30	e8f4fadb93208e7aa4ed63103d6025ff18f84f14	Elder: Ah, no... it is but a trivial\nmatter, but...	machine	gemma-4-31B-it/qat-UD-Q4_K_XL/v2+story-v1/llama.cpp-b11443/t0	2026-10-07		
C129_020_31	36202866e0090ad79b433b76eee44b16c158fe58	Elder: We were told that three\nGoddesses would descend. We\nwere simply wondering why\nthings are differing from the\nOracle's prophecy...	machine	gemma-4-31B-it/qat-UD-Q4_K_XL/v2+story-v1/llama.cpp-b11443/t0	2026-10-07		
C129_020_32	c857cc6caaac9d9c049907ba69535a1b191a6e05	Elder's Granddaughter: Indeed,\nthe Oracle's prophecies have\nnever been wrong until now.	machine	gemma-4-31B-it/qat-UD-Q4_K_XL/v2+story-v1/llama.cpp-b11443/t0	2026-10-07		
C129_020_33	d031c963be7e528b5500e6b2e93c20c54687b065	...Three Goddesses, huh.	machine	gemma-4-31B-it/qat-UD-Q4_K_XL/v2+story-v1/llama.cpp-b11443/t0	2026-10-07		
C129_020_34	d4b294b010b85550de15c0a662f642388bc738ae	What's with that look, Crowe? I\nam a perfectly fine Goddess\nmyself.	machine	gemma-4-31B-it/qat-UD-Q4_K_XL/v2+story-v1/llama.cpp-b11443/t0	2026-10-07		
C129_020_35	91f5201b26bcb2e8e396b2da1bf978a6b4f1b5f7	Nobleman: The old man is just\na bit of a worrywart! Please\ndon't let it bother you,\nGoddesses! Now, let us show\nyou one of the finest dancers\nin the land!	machine	gemma-4-31B-it/qat-UD-Q4_K_XL/v2+story-v1/llama.cpp-b11443/t0	2026-10-07		
C129_020_36	c09e771166e0a253cba746d65f8bfc523ad609e2	*Sigh*, the country is in such a\ndire state, yet they're throwing\na party based on a prophecy...\nI guess that's what faith is all\nabout.	machine	gemma-4-31B-it/qat-UD-Q4_K_XL/v2+story-v1/llama.cpp-b11443/t0	2026-10-07		
C129_020_38	d64954953d9063826d33235b60f4d391aef98121	Reimi, are you taking a break\nhere too?	machine	gemma-4-31B-it/qat-UD-Q4_K_XL/v2+story-v1/llama.cpp-b11443/t0	2026-10-07		
C129_020_39	881f8f6a99daa6b2f7bd74e48701cf92270065a1	Oh, Karlyn.	machine	gemma-4-31B-it/qat-UD-Q4_K_XL/v2+story-v1/llama.cpp-b11443/t0	2026-10-07		
C129_020_40	9ea686aa8701e9920e90d9bdb0674cd463744c38	...I just can't help but wonder if\nit's okay for the people of this\ncountry to be doing this while\nthings are so bad.	machine	gemma-4-31B-it/qat-UD-Q4_K_XL/v2+story-v1/llama.cpp-b11443/t0	2026-10-07		
C129_020_41	c3f3c22fdc5c8b936183f8f7d49913d254326f32	Even if we pray, it's not like we\ncan actually do anything to\nhelp them...	machine	gemma-4-31B-it/qat-UD-Q4_K_XL/v2+story-v1/llama.cpp-b11443/t0	2026-10-07		
C129_020_42	f365a484f73764932a3ed7194d6c1beb83ad209f	It seems we're thinking the\nsame thing.	machine	gemma-4-31B-it/qat-UD-Q4_K_XL/v2+story-v1/llama.cpp-b11443/t0	2026-10-07		
C129_020_44	8d7f21693a055b6c59f5a84b224e0a28de036c57	Warrior-like Man: Goddess, may\nI have a moment of your time?	machine	gemma-4-31B-it/qat-UD-Q4_K_XL/v2+story-v1/llama.cpp-b11443/t0	2026-10-07		
C129_020_45	aefc473eaf48f8e2699068d255900d01678cdb75	Oh! Who are you?	machine	gemma-4-31B-it/qat-UD-Q4_K_XL/v2+story-v1/llama.cpp-b11443/t0	2026-10-07		
C129_020_46	a2230436e98f65b73bf523e73fda6246e385a088	Warrior-like Man: I am a\nservant of the Oracle, and my\nname is <font color=yellow>Yamato</font>. The Oracle\nwishes to meet with the\nGoddess.	machine	gemma-4-31B-it/qat-UD-Q4_K_XL/v2+story-v1/llama.cpp-b11443/t0	2026-10-07		
C129_020_47	9ec1b0aec6f99e1ecc33a40ce2eba6f0a4c85293	The Oracle... the one who\nprophesied our arrival.	machine	gemma-4-31B-it/qat-UD-Q4_K_XL/v2+story-v1/llama.cpp-b11443/t0	2026-10-07		
C129_020_48	7924c580f8919c2f6348d003c207c1ae592d573b	Finally arrived, have you?	machine	gemma-4-31B-it/qat-UD-Q4_K_XL/v2+story-v1/llama.cpp-b11443/t0	2026-10-07		
C129_020_49	ed5af71b41e0670bf28a93b2bf5a00e4382a9f46	Yamato: Hm? And who might\nyou be?	machine	gemma-4-31B-it/qat-UD-Q4_K_XL/v2+story-v1/llama.cpp-b11443/t0	2026-10-07		
C129_020_50	dd357e611c58f96b7b2b265397fcaed798254592	Things will go much smoother if\nI'm present for the discussion\nwith this Oracle. I'll come along.	machine	gemma-4-31B-it/qat-UD-Q4_K_XL/v2+story-v1/llama.cpp-b11443/t0	2026-10-07		
C129_020_51	48c52e93670dbceeec8a82e42d077470c776c49b	Eleyna, what do you mean? If\nyou know something...	machine	gemma-4-31B-it/qat-UD-Q4_K_XL/v2+story-v1/llama.cpp-b11443/t0	2026-10-07		
C129_020_52	23733e4e400d21d3ca4ca2a6ebef64cc4b8c2fd3	The Oracle will explain the\nsituation. Now, let's go.	machine	gemma-4-31B-it/qat-UD-Q4_K_XL/v2+story-v1/llama.cpp-b11443/t0	2026-10-07		
C129_020_53	33e939dd0ec7a6031b4c2bbb1a3da98c95348a9f	Yamato: Very well. Please,\nfollow me.	machine	gemma-4-31B-it/qat-UD-Q4_K_XL/v2+story-v1/llama.cpp-b11443/t0	2026-10-07		
C129_030_01	87c11a67b6f0ff48a19809cf318e4eb543026302	Yamato: This way, please.\nPlease watch your step, as it is\nquite dark.	machine	gemma-4-31B-it/qat-UD-Q4_K_XL/v2+story-v1/llama.cpp-b11443/t0	2026-10-07		
C129_030_02	abafd98e67300ebb7de97ebd1fd8ed0d033b7c92	What is this place? I can't\nbelieve there was something\nlike this beyond the cave...!	machine	gemma-4-31B-it/qat-UD-Q4_K_XL/v2+story-v1/llama.cpp-b11443/t0	2026-10-07		
C129_030_03	04ecb6d6cc0a47f61641c74bc885a6575f18e903	I wonder if the writing on the\nwalls is the language of the\npeople of this land?	machine	gemma-4-31B-it/qat-UD-Q4_K_XL/v2+story-v1/llama.cpp-b11443/t0	2026-10-07		
C129_030_04	ff314e615a99793d2f98f10e1a649780e184aa1f	Please, do not touch them.\nYour powerful energy might\nweaken the power of the\n"Oracle."	machine	gemma-4-31B-it/qat-UD-Q4_K_XL/v2+story-v1/llama.cpp-b11443/t0	2026-10-07		
C129_030_06	68eaa8222feef00c69a3f3d556f2806cb8500f59	It is an honor to meet you. I am\nthe one who serves as the\nshrine maiden of this land, my\nname is <font color=yellow>Iyo</font>.	machine	gemma-4-31B-it/qat-UD-Q4_K_XL/v2+story-v1/llama.cpp-b11443/t0	2026-10-07		
C129_030_07	e125a612c139aa26b309500dca962899403d5b26	Iyo: I sincerely apologize for\ninvolving visitors from the Sea\nof Stars in the affairs of our\ncountry.	machine	gemma-4-31B-it/qat-UD-Q4_K_XL/v2+story-v1/llama.cpp-b11443/t0	2026-10-07		
C129_030_08	d06d4b9606b35d5fcfbe7fd24ea87ae5405a0cd2	What, the Sea of Stars!? Just\nhow much do you know about\nus!?	machine	gemma-4-31B-it/qat-UD-Q4_K_XL/v2+story-v1/llama.cpp-b11443/t0	2026-10-07		
C129_030_09	2bbef1b0157d8e26bde2ba25d8c4cf6ffb270b87	Iyo: I am aware that you are\nforeigners who possess an ark\nthat traverses the Sea of\nStars and have come to this\nland to rest.	machine	gemma-4-31B-it/qat-UD-Q4_K_XL/v2+story-v1/llama.cpp-b11443/t0	2026-10-07		
C129_030_10	d679b850d208240f4fb35b081fe74ad8c00ce4b5	How could you possibly...	machine	gemma-4-31B-it/qat-UD-Q4_K_XL/v2+story-v1/llama.cpp-b11443/t0	2026-10-07		
C129_030_11	ecfa0ea65f8c2e0cb1da9ecd1fc324e937ca781b	Did you not hear this person\nmention the "Oracle" just now?\nLike me, they possess the\npower to see through all of the\npast and future.	machine	gemma-4-31B-it/qat-UD-Q4_K_XL/v2+story-v1/llama.cpp-b11443/t0	2026-10-07		
C129_030_12	7981b067e48513b165e41baa21c83eb3dbfde132	Iyo: Unfortunately, I am merely\na descendant of such a\nperson. I do not possess the\npower to hear the oracles\nmyself.	machine	gemma-4-31B-it/qat-UD-Q4_K_XL/v2+story-v1/llama.cpp-b11443/t0	2026-10-07		
C129_030_13	91e757fe1bc1c92498ad6b1e08cddfb9b245cd16	Iyo: All I can do is decipher the\nrecords of the future left upon\nthese walls by the first shrine\nmaiden.	machine	gemma-4-31B-it/qat-UD-Q4_K_XL/v2+story-v1/llama.cpp-b11443/t0	2026-10-07		
C129_030_14	85d8c72b4d5cccf824bd1ccb7473fb92f6c52d57	So you saw that and... no, you\nmean you've known about\nus―about this universe―for a\nlong time?	machine	gemma-4-31B-it/qat-UD-Q4_K_XL/v2+story-v1/llama.cpp-b11443/t0	2026-10-07		
C129_030_15	76ea5543e8a5b00aeafb9eabbd207233d76c0d3a	Iyo: Yes, that is correct.	machine	gemma-4-31B-it/qat-UD-Q4_K_XL/v2+story-v1/llama.cpp-b11443/t0	2026-10-07		
C129_030_16	a5cabdea78376e23b8e70607f737e40a21d1a79a	Iyo: However, if the people of\nthis land were to suddenly\nlearn of this, chaos would be\ninevitable. That is why no one\nis permitted to enter this\nshrine except for the Oracle\nand their guardians.	machine	gemma-4-31B-it/qat-UD-Q4_K_XL/v2+story-v1/llama.cpp-b11443/t0	2026-10-07		
C129_030_17	49e06eaedb55520f93aa043f187725d5fac46e10	I believe we have the gist of it.\nWhy don't we get to the point?	machine	gemma-4-31B-it/qat-UD-Q4_K_XL/v2+story-v1/llama.cpp-b11443/t0	2026-10-07		
C129_030_18	29162a7b717003664fd181137a9609c2958f415e	Iyo: Thank you.	machine	gemma-4-31B-it/qat-UD-Q4_K_XL/v2+story-v1/llama.cpp-b11443/t0	2026-10-07		
C129_030_19	9c774595dadf45813005c1940583ff87d6b883eb	Iyo: I wish to eradicate the\nfaith in the Oracle in this land\nand incite a rebellion among\nthe people.	machine	gemma-4-31B-it/qat-UD-Q4_K_XL/v2+story-v1/llama.cpp-b11443/t0	2026-10-07		
C129_030_20	b0a604410d460decc3bb0a36b3d925fbc5c594e7	What?! What do you mean?\nThe country is already in\nchaos, right? You want to start\na rebellion on top of that?!	machine	gemma-4-31B-it/qat-UD-Q4_K_XL/v2+story-v1/llama.cpp-b11443/t0	2026-10-07		
C129_030_21	74695b86c338484acc769975eed2ae3df2cd63b6	Iyo: Precisely why. Now is the\nonly time a rebellion is possible,\nwhile the country is in turmoil\nand the people's frustrations\nare peaking.	machine	gemma-4-31B-it/qat-UD-Q4_K_XL/v2+story-v1/llama.cpp-b11443/t0	2026-10-07		
C129_030_22	034bd698c9fd7692110199743c4ea8947ab9b03a	...I don't understand. Iyo, what\nexactly are you trying to do?	machine	gemma-4-31B-it/qat-UD-Q4_K_XL/v2+story-v1/llama.cpp-b11443/t0	2026-10-07		
C129_030_23	c72bd0a9420bb00a738e4deeb12b9bdae8efb382	Iyo: According to the Oracle's\nrecords written here, this\nnation will fall in 278 days. It is\nwritten that in the ensuing\nchaos, 90% of the population\nwill perish.	machine	gemma-4-31B-it/qat-UD-Q4_K_XL/v2+story-v1/llama.cpp-b11443/t0	2026-10-07		
C129_030_24	4150d801815d85060e03a6aad10ca7fe8c9092c9	90% of the people?! If that\nhappens, it's only a matter of\ntime before the survivors die\ntoo...	machine	gemma-4-31B-it/qat-UD-Q4_K_XL/v2+story-v1/llama.cpp-b11443/t0	2026-10-07		
C129_030_25	83aeb9cf865fa4c96b4bcc0a158beedfc9693981	Iyo: Yes. That is why I wish to\noverturn this prophecy.	machine	gemma-4-31B-it/qat-UD-Q4_K_XL/v2+story-v1/llama.cpp-b11443/t0	2026-10-07		
C129_030_26	419f1381ce0ad2d9295faac347f4720fd1e0c513	An oracle is but one possible\nfuture. However, overturning it\nrequires more than ordinary\nstrength.	machine	gemma-4-31B-it/qat-UD-Q4_K_XL/v2+story-v1/llama.cpp-b11443/t0	2026-10-07		
C129_030_27	e5a3fdba10f9f46ae525a3132a41c32c5426cbfa	Ichiyo: Yes, which is why I must\ncast aside faith and incite a\npopular uprising.	machine	gemma-4-31B-it/qat-UD-Q4_K_XL/v2+story-v1/llama.cpp-b11443/t0	2026-10-07		
C129_030_28	c9a8ee1de1ee5cae3c9ef4481a0a2aab6b80921b	So that's what was happening\nwhile those three disappeared\nduring yesterday's banquet.	machine	gemma-4-31B-it/qat-UD-Q4_K_XL/v2+story-v1/llama.cpp-b11443/t0	2026-10-07		
C129_030_29	f4fc4343a998be026572a7ccbfbb0dbff952569b	Still, that priestess has some\nserious guts.	machine	gemma-4-31B-it/qat-UD-Q4_K_XL/v2+story-v1/llama.cpp-b11443/t0	2026-10-07		
C129_030_30	f7b27d54cf0ac588a1b4b8787f056579924bd3f9	Holding a massive feast under\nher own orders while the\npeople are starving from poor\nharvests, just to draw all the\nresentment toward herself.	machine	gemma-4-31B-it/qat-UD-Q4_K_XL/v2+story-v1/llama.cpp-b11443/t0	2026-10-07		
C129_030_31	9e3b4c0dea71d5263c0768e585baa463db222631	Then, she'll show the people us\nbeing defeated by the demons\nto drive home the fact that the\nprophecy was wrong... huh.	machine	gemma-4-31B-it/qat-UD-Q4_K_XL/v2+story-v1/llama.cpp-b11443/t0	2026-10-07		
C129_030_32	18c6e57ff79f9b3bc77ebc56930e9b334223e20b	True, if the people are this\nblindly devoted to the\npriestess, the shock of a failed\nprophecy would be immense.	machine	gemma-4-31B-it/qat-UD-Q4_K_XL/v2+story-v1/llama.cpp-b11443/t0	2026-10-07		
C129_030_33	13bf21122d3224b3674e47e6d2a1e8620f26e5ef	Furthermore, it seems the core\nmembers of the rebel army\nhave already been arranged\nunder Yamato's direction.	machine	gemma-4-31B-it/qat-UD-Q4_K_XL/v2+story-v1/llama.cpp-b11443/t0	2026-10-07		
C129_030_34	e6713748475e1e4c182cd2f812e4e87f65a4380c	The plan is to have the elite\nforce Yamato gathered defeat\nthe demons, turning them into\nheroes.	machine	gemma-4-31B-it/qat-UD-Q4_K_XL/v2+story-v1/llama.cpp-b11443/t0	2026-10-07		
C129_030_35	25976f53d9dc1f0ef96e7fe8ace5cf4c2139735b	Thorough as always. I guess\nthe idea is that if there are\nheroes to lead the country\nnext, the chaos following the\nrebellion will be kept to a\nminimum.	machine	gemma-4-31B-it/qat-UD-Q4_K_XL/v2+story-v1/llama.cpp-b11443/t0	2026-10-07		
C129_030_36	54cd2a060f518886df55fe8cce475cc1f0926789	What was written in that shrine\nwas likely the future that\nawaits a people who cling to\noracles and can do nothing but\npray to the gods.	machine	gemma-4-31B-it/qat-UD-Q4_K_XL/v2+story-v1/llama.cpp-b11443/t0	2026-10-07		
C129_030_37	1015054e3eb16a03d550812da8f5a9ebaa4ce701	If a great shift occurs in the\npeople's consciousness, it may\nbe possible to overturn the\noracle.	machine	gemma-4-31B-it/qat-UD-Q4_K_XL/v2+story-v1/llama.cpp-b11443/t0	2026-10-07		
C129_030_38	136f6197d052f50766c35a56b9a6db12b7ec55fe	But what happens to Iyo? The\nplan is to make everyone\nresent her as the priestess to\nspark a rebellion, right? I can't\nimagine she'll get out of this\nunscathed.	machine	gemma-4-31B-it/qat-UD-Q4_K_XL/v2+story-v1/llama.cpp-b11443/t0	2026-10-07		
C129_030_39	976e57b2759f4dba37d10c30118e66e530e38e63	It seems they've already made\npreparations for her to flee to\nanother country, making it look\nlike Yamato defeated her when\nthe rebellion breaks out.	machine	gemma-4-31B-it/qat-UD-Q4_K_XL/v2+story-v1/llama.cpp-b11443/t0	2026-10-07		
C129_030_41	4bbc23bb06cc12f74a5d8d69a628c6f5022f59af	This is an internal matter for\nthis country, and getting\ninvolved recklessly could\npotentially violate the\nUncharted Planet Protection\nTreaty.	machine	gemma-4-31B-it/qat-UD-Q4_K_XL/v2+story-v1/llama.cpp-b11443/t0	2026-10-07		
C129_030_42	4e04bf09aa025cfee8210c9462c75c3bee682193	But I still want to help Iyo.	machine	gemma-4-31B-it/qat-UD-Q4_K_XL/v2+story-v1/llama.cpp-b11443/t0	2026-10-07		
C129_030_43	1b681fb54f58eaf90fbc0aa21cb84b05ceaf52a8	I believe this is a fight for the\npeople of this land to break\nfree from the supernatural\npower of the oracle and return\nto the path of proper evolution.	machine	gemma-4-31B-it/qat-UD-Q4_K_XL/v2+story-v1/llama.cpp-b11443/t0	2026-10-07		
C129_030_44	6ad82a41e37b2ddc6415b11727a27c5ccdc31076	So, Captain, everyone, please...	machine	gemma-4-31B-it/qat-UD-Q4_K_XL/v2+story-v1/llama.cpp-b11443/t0	2026-10-07		
C129_030_46	fd9e74e38e7fa016ab075047875c60a8bf56e250	I agree with the Captain. I'll\nhelp even if you don't ask. I\ncan't just abandon lives right in\nfront of me.	machine	gemma-4-31B-it/qat-UD-Q4_K_XL/v2+story-v1/llama.cpp-b11443/t0	2026-10-07		
C129_030_47	77641c993d51c01e4067c7c47dda2240b34655ed	So, what about our "demon"\nwho's always nagging us about\nprotecting uncharted planets?	machine	gemma-4-31B-it/qat-UD-Q4_K_XL/v2+story-v1/llama.cpp-b11443/t0	2026-10-07		
C129_030_48	6c0b4d319e9ad2cc05c8bbd9e132b1325c09abdc	"Of course! If the Captain says\nit's okay, I'm all in! No problem\nat all!"	machine	gemma-4-31B-it/qat-UD-Q4_K_XL/v2+story-v1/llama.cpp-b11443/t0	2026-10-07		
C129_030_49	a8cc89bb2252683ca37073fa6f5576d08cd16cc5	"I can use 'Darmizer'56,' whom\neveryone in the country\nbelieves to be the incarnation\nof evil,"	machine	gemma-4-31B-it/qat-UD-Q4_K_XL/v2+story-v1/llama.cpp-b11443/t0	2026-10-07		
C129_030_50	14e77003460e664cbd61540210d7af45326ffb2a	"to make it look like I crushed\nEve and the others, or to act\nas if I was defeated by Yamato\nand his group. It'll be a piece of\ncake!"	machine	gemma-4-31B-it/qat-UD-Q4_K_XL/v2+story-v1/llama.cpp-b11443/t0	2026-10-07		
C129_030_51	77df119dc866a3eaa2c2d61495b2f5b1d1a78c2f	Though I'm not thrilled about\nthe idea of being defeated by\nCoro.	machine	gemma-4-31B-it/qat-UD-Q4_K_XL/v2+story-v1/llama.cpp-b11443/t0	2026-10-07		
C129_030_52	964f95d7159a618ea0af1cb62c65d077b0701a03	I heard Iyo's words of resolve\nwith my own ears. I have no\nreason to object.	machine	gemma-4-31B-it/qat-UD-Q4_K_XL/v2+story-v1/llama.cpp-b11443/t0	2026-10-07		
C129_030_53	348b7acce68aeae8cef1b0f4f215c7e221dc2ffb	It has been since you stopped\nthe resurrection of Asmodeus\nthat I last saw an oracle\noverturned. I look forward to it.	machine	gemma-4-31B-it/qat-UD-Q4_K_XL/v2+story-v1/llama.cpp-b11443/t0	2026-10-07		
C129_030_54	e35e2a0d60c7916c4d032ed25814c1b62312ba7b	Reimi, we are all of one mind.\nWe will fight to seize the\nrightful future of this country!	machine	gemma-4-31B-it/qat-UD-Q4_K_XL/v2+story-v1/llama.cpp-b11443/t0	2026-10-07		
C129_030_55	dbcbc81e149f7d437535bda9cc5b7fc8877ac7a1	Thank you, everyone!	machine	gemma-4-31B-it/qat-UD-Q4_K_XL/v2+story-v1/llama.cpp-b11443/t0	2026-10-07		
C129_030_56	67916684149991734a31beb58c2529e3cd05c2bf	Now, let us settle this. In the\nname of the gods, I cannot\noverlook any further folly!	machine	gemma-4-31B-it/qat-UD-Q4_K_XL/v2+story-v1/llama.cpp-b11443/t0	2026-10-07		
C129_030_58	b2594dc8f0cc79b5fc80073cbe1e5038a548d989	Now, let us fight with honor...!	machine	gemma-4-31B-it/qat-UD-Q4_K_XL/v2+story-v1/llama.cpp-b11443/t0	2026-10-07		
C129_030_60	0b852703cc1fb5ac894e5b583abcedd3c58a2269	(Wait, what's wrong, Coro! Did\nyou forget your lines!?\nEveryone is watching, get it\ntogether!!)	machine	gemma-4-31B-it/qat-UD-Q4_K_XL/v2+story-v1/llama.cpp-b11443/t0	2026-10-07		
C129_030_62	8ef62780c23aaea8a4af15be1f1537af5987c8b6	(Ugh, hey!! This isn't what we\ndiscussed!)	machine	gemma-4-31B-it/qat-UD-Q4_K_XL/v2+story-v1/llama.cpp-b11443/t0	2026-10-07		
C129_030_63	80d57c37a7ece564ea1e15305abfeb1def09ddf5	(Karlyn! Everyone is watching!\nFor now, let's just keep\nfighting!!)	machine	gemma-4-31B-it/qat-UD-Q4_K_XL/v2+story-v1/llama.cpp-b11443/t0	2026-10-07		
C129_040_01	67eaf2e739a8495dc0468a96e8d02d095b0e47ff	Gah!!	machine	gemma-4-31B-it/qat-UD-Q4_K_XL/v2+story-v1/llama.cpp-b11443/t0	2026-10-07		
C129_040_02	2bbe06cbd15a583658d8d356b24caca9c2b00e9f	Karlyn, are you okay!? Coro,\nwait! You've gone way too far!!	machine	gemma-4-31B-it/qat-UD-Q4_K_XL/v2+story-v1/llama.cpp-b11443/t0	2026-10-07		
C129_040_03	70af5ee4fdfc8e494ab0894836e23abc70540621	"Everyone!! This is an\nemergency!! Please evacuate\nimmediately!!"	machine	gemma-4-31B-it/qat-UD-Q4_K_XL/v2+story-v1/llama.cpp-b11443/t0	2026-10-07		
C129_040_04	bc48a2aaa3fa21e7cf05463442cebc296dba7b66	Finally, the comms are working!\nListen, you need to learn some\nrestraint...!!	machine	gemma-4-31B-it/qat-UD-Q4_K_XL/v2+story-v1/llama.cpp-b11443/t0	2026-10-07		
C129_040_05	8f9c2cea32fd17645c67d4008cfa753b99bf4316	That's not it, Eve! That's not\nme! It's moving on its own\nwithout being linked to my AI!!	machine	gemma-4-31B-it/qat-UD-Q4_K_XL/v2+story-v1/llama.cpp-b11443/t0	2026-10-07		
C129_040_06	2971c01ed95f67487fc385bf9edbaec68b6ea294	"What? That outer shell is\nmoving by itself!?"	machine	gemma-4-31B-it/qat-UD-Q4_K_XL/v2+story-v1/llama.cpp-b11443/t0	2026-10-07		
C129_040_07	897c1271ac5d79ff193089240cf68bf603165470	It seems so. I'm searching for\nthe cause now, but there's a\nspecial barrier preventing me\nfrom accessing the control\nmechanism...	machine	gemma-4-31B-it/qat-UD-Q4_K_XL/v2+story-v1/llama.cpp-b11443/t0	2026-10-07		
C129_040_09	6e02566a60679b3da69a36d13ba585dea835fdbb	Can you see something,\nEleyna!?	machine	gemma-4-31B-it/qat-UD-Q4_K_XL/v2+story-v1/llama.cpp-b11443/t0	2026-10-07		
C129_040_10	a3a192cc80545f6ca6eda9c0a302b4a1b76d2fbd	No, I can't tell...	machine	gemma-4-31B-it/qat-UD-Q4_K_XL/v2+story-v1/llama.cpp-b11443/t0	2026-10-07		
C129_040_11	be8f3434ff7d79a619b8e6e3cd524ee4e0f5914d	(But for even me to be unable\nto read it...)	machine	gemma-4-31B-it/qat-UD-Q4_K_XL/v2+story-v1/llama.cpp-b11443/t0	2026-10-07		
C129_040_13	504e8a750024ecca5bd7f0d6bb387c102fce0a9e	She's right, Captain! Let's\nprioritize the evacuation of the\ncitizens first!	machine	gemma-4-31B-it/qat-UD-Q4_K_XL/v2+story-v1/llama.cpp-b11443/t0	2026-10-07		
C129_040_14	3fcc92060ca12fdd17685f53c89f6a378c243858	We'll secure the retreat.\nYamato, take your unit and\nprotect everyone gathered\nhere and get them to safety!	machine	gemma-4-31B-it/qat-UD-Q4_K_XL/v2+story-v1/llama.cpp-b11443/t0	2026-10-07		
C129_040_16	1c013e9ec4cb4e972b50a814385ce3236074886f	Yamato: I cannot retreat.	machine	gemma-4-31B-it/qat-UD-Q4_K_XL/v2+story-v1/llama.cpp-b11443/t0	2026-10-07		
C129_040_17	a0fa63c731f809a236ae11d14f66c535770b3042	Don't be stubborn! We don't\neven understand the situation\nourselves! First, you all need to\nget to a safe place...	machine	gemma-4-31B-it/qat-UD-Q4_K_XL/v2+story-v1/llama.cpp-b11443/t0	2026-10-07		
C129_040_18	35fcf89b50cb7947f8c51a66c0ee069ec0b187c4	Yamato: If we retreat under\nyour protection, my people will\nnever be able to break free\nfrom their faith in the gods and\nthe miko!	machine	gemma-4-31B-it/qat-UD-Q4_K_XL/v2+story-v1/llama.cpp-b11443/t0	2026-10-07		
C129_040_19	28605c1494160203cddc4c2a1cb4d55c7a6abe1b	But with your equipment, trying\nto fight that weapon is...	machine	gemma-4-31B-it/qat-UD-Q4_K_XL/v2+story-v1/llama.cpp-b11443/t0	2026-10-07		
C129_040_20	b95293a98cdef7683dd428970050235ff4148204	Yamato: Nevertheless, this is a\nbattle for our very future!	machine	gemma-4-31B-it/qat-UD-Q4_K_XL/v2+story-v1/llama.cpp-b11443/t0	2026-10-07		
C129_040_21	0fcf1098cdabb61865cc1dc68686ce17f1af5adc	Yamato: Everyone, follow me!!	machine	gemma-4-31B-it/qat-UD-Q4_K_XL/v2+story-v1/llama.cpp-b11443/t0	2026-10-07		
C129_040_22	c3fc6db61a086f96ac0465bb99d2a7563b01773c	Dammit...! We can't just leave it\nto them! Captain, let's fight!	machine	gemma-4-31B-it/qat-UD-Q4_K_XL/v2+story-v1/llama.cpp-b11443/t0	2026-10-07		
C129_040_23	c1945ae976ed0a8f8bc31ad0d4e54efe21558d98	Elite Warrior: Hyaaaaah!	machine	gemma-4-31B-it/qat-UD-Q4_K_XL/v2+story-v1/llama.cpp-b11443/t0	2026-10-07		
C129_040_25	08e33f1f7a24472b91300d63d989fb8e0ce7e2b7	The enemy flinched! As\nexpected of an elite unit. Their\ntraining and morale are higher\nthan I imagined.	machine	gemma-4-31B-it/qat-UD-Q4_K_XL/v2+story-v1/llama.cpp-b11443/t0	2026-10-07		
C129_040_26	030cd18a8b3275c8b41791e3ff6038791a2387e2	But with so few of us, we can\nonly hold out for so long!\nCaptain, I'll go command the\nevacuation in the rear.	machine	gemma-4-31B-it/qat-UD-Q4_K_XL/v2+story-v1/llama.cpp-b11443/t0	2026-10-07		
C129_040_28	2659fd87a8b1dfe554236bbb01888c893bc08e8e	Elite Warrior: Guh... is this... the\nend...?	machine	gemma-4-31B-it/qat-UD-Q4_K_XL/v2+story-v1/llama.cpp-b11443/t0	2026-10-07		
C129_040_29	c63402c46c4eeb1c6795490110444772dec80d06	Yamato: Stand up! Do not\nfalter!! Raise your heads and\nstare down the enemy! Our\nfuture lies only there!	machine	gemma-4-31B-it/qat-UD-Q4_K_XL/v2+story-v1/llama.cpp-b11443/t0	2026-10-07		
C129_040_30	2e924525f27b3ea128d459207ba15256b45f7a4b	...!! Damn it... I can't let us lose\nhere...! Raaaaaaagh!!	machine	gemma-4-31B-it/qat-UD-Q4_K_XL/v2+story-v1/llama.cpp-b11443/t0	2026-10-07		
C129_040_31	63dbc2fb38615e212b07bcfffa3de666db74deb4	Everyone, hurry down the\nmountain! I'll lead the way, so\nplease follow my instructions!	machine	gemma-4-31B-it/qat-UD-Q4_K_XL/v2+story-v1/llama.cpp-b11443/t0	2026-10-07		
C129_040_32	b6368ca4c7d22dad7619fdae18f7bb881f5be221	...Why? Why are those people\nfighting? The Priestess's\nprophecy said the Goddess\nwould slay the demons for us.	machine	gemma-4-31B-it/qat-UD-Q4_K_XL/v2+story-v1/llama.cpp-b11443/t0	2026-10-07		
C129_040_33	cad04ce61323fd7429195ba4c496edaead2ab0d5	If we just follow the Priestess\nwithout question, everything\nwill work out... Why are those\npeople doing this...!?	machine	gemma-4-31B-it/qat-UD-Q4_K_XL/v2+story-v1/llama.cpp-b11443/t0	2026-10-07		
C129_040_34	0eab8266fe659c3f8a6ddce176dc493c9038f9ee	Elder, do you honestly believe\nthis situation will resolve itself\nif you do nothing?	machine	gemma-4-31B-it/qat-UD-Q4_K_XL/v2+story-v1/llama.cpp-b11443/t0	2026-10-07		
C129_040_35	42742e7b1f54af33462c7196cb5faf5ac211b51e	...G-Goddess. I... I...	machine	gemma-4-31B-it/qat-UD-Q4_K_XL/v2+story-v1/llama.cpp-b11443/t0	2026-10-07		
C129_040_36	1be4c77258258bdd06aecc4e9fcd3b29ca01f67c	Regardless, it's dangerous\nhere! Prioritize the wounded\nand the children during the\nevacuation!	machine	gemma-4-31B-it/qat-UD-Q4_K_XL/v2+story-v1/llama.cpp-b11443/t0	2026-10-07		
C129_040_37	e82fab45b30c7f5633d2ac8c15a664f005c7573b	Goddess! I'll go gather\neveryone who can use healing\narts!	machine	gemma-4-31B-it/qat-UD-Q4_K_XL/v2+story-v1/llama.cpp-b11443/t0	2026-10-07		
C129_040_38	cdeae2bc22dd615f717e3b0bf2eedf88950deb52	Please do!	machine	gemma-4-31B-it/qat-UD-Q4_K_XL/v2+story-v1/llama.cpp-b11443/t0	2026-10-07		
C129_040_39	a3ce1bdc5b9a3f0f909dfe11637e509637a68fca	You! What on earth are you\ndoing?!	machine	gemma-4-31B-it/qat-UD-Q4_K_XL/v2+story-v1/llama.cpp-b11443/t0	2026-10-07		
C129_040_40	0441b11ed14e1ba016f56f9d4dc67065828c1ba0	I'm going to lend Yamato a\nhand! With the crops failing,\nI've barely used a hoe lately―I\nwas starting to feel like I was\ngetting rusty!	machine	gemma-4-31B-it/qat-UD-Q4_K_XL/v2+story-v1/llama.cpp-b11443/t0	2026-10-07		
C129_040_41	726355e272a803a5a862639bfc1bb3a6325c9961	I appreciate it, but know when\nto retreat! Please, don't let\nyour courage turn into\nrecklessness!	machine	gemma-4-31B-it/qat-UD-Q4_K_XL/v2+story-v1/llama.cpp-b11443/t0	2026-10-07		
C129_040_42	e85b234fd930ef765ed6fb2a1880ca061e791052	Elder: What are you thinking!\nDo you not believe in the\nGoddess's victory!? Do you\ndare doubt the Miko's\nprophecy!?	machine	gemma-4-31B-it/qat-UD-Q4_K_XL/v2+story-v1/llama.cpp-b11443/t0	2026-10-07		
C129_040_43	b2180ab0d669b02532a856472564877a7abdfe8a	Elder, this isn't a matter of\nbelief. When your comrades are\nfighting right in front of you,\nit's only natural to lend a hand.	machine	gemma-4-31B-it/qat-UD-Q4_K_XL/v2+story-v1/llama.cpp-b11443/t0	2026-10-07		
C129_040_44	7bbc6492ea8ff09f81759a26ef54a4a6443841c8	Now, I will go and guide\neveryone to safety.	machine	gemma-4-31B-it/qat-UD-Q4_K_XL/v2+story-v1/llama.cpp-b11443/t0	2026-10-07		
C129_040_45	7c66dc233f12b9bf914d4677d2bdbbc17692fc84	Youth: I'm going too! Gramps,\nyou go help the Goddess!\nEveryone will listen to you.	machine	gemma-4-31B-it/qat-UD-Q4_K_XL/v2+story-v1/llama.cpp-b11443/t0	2026-10-07		
C129_040_47	97c2469291be9931f28b53740da4f0f3277b191c	What, reinforcements!?\nYamato, were you still\npreparing troops?	machine	gemma-4-31B-it/qat-UD-Q4_K_XL/v2+story-v1/llama.cpp-b11443/t0	2026-10-07		
C129_040_48	2e3bf59d7ab926ee24c649cbb8b993219aee32d5	Yamato: N-no... But those\nfaces... they're military officers\nand officials from the Central\nCouncil... What on earth is\nhappening?	machine	gemma-4-31B-it/qat-UD-Q4_K_XL/v2+story-v1/llama.cpp-b11443/t0	2026-10-07		
C129_040_49	f97ad6117b47eaa3bdf116f18ea2dfe3518fc4d9	There are dozens of times\nmore people here than an elite\nsquad. At this rate...!	machine	gemma-4-31B-it/qat-UD-Q4_K_XL/v2+story-v1/llama.cpp-b11443/t0	2026-10-07		
C129_040_50	346f15a03b400ecfe21dc2f55c2ebf9160ec59ba	Yes, let's settle this in one go!	machine	gemma-4-31B-it/qat-UD-Q4_K_XL/v2+story-v1/llama.cpp-b11443/t0	2026-10-07		
C129_050_02	a424bce1cfa44a163a8867070dd8ab8f5078df5a	Did it stop...?	machine	gemma-4-31B-it/qat-UD-Q4_K_XL/v2+story-v1/llama.cpp-b11443/t0	2026-10-07		
C129_050_03	4082edf05f38441b95de35bc95233213b86d00ae	"I've gained access to\nDarmizer'56's control\nmechanism! It won't go on\nrampaging now!"	machine	gemma-4-31B-it/qat-UD-Q4_K_XL/v2+story-v1/llama.cpp-b11443/t0	2026-10-07		
C129_050_04	411ab455ad04e31c8a3df969f0271c5d50935cf2	Yamato: We did it... We actually\npulled it off...	machine	gemma-4-31B-it/qat-UD-Q4_K_XL/v2+story-v1/llama.cpp-b11443/t0	2026-10-07		
C129_050_05	a9ffaa509146a7645214803b2ab13309d73f7b74	Yamato: WE WONNNNN!!!!	machine	gemma-4-31B-it/qat-UD-Q4_K_XL/v2+story-v1/llama.cpp-b11443/t0	2026-10-07		
C129_050_06	a0b8e429a6b6eecd1c5f12a30431e318da186c66	Thank goodness. For a moment\nthere, I wasn't sure how things\nwould turn out...	machine	gemma-4-31B-it/qat-UD-Q4_K_XL/v2+story-v1/llama.cpp-b11443/t0	2026-10-07		
C129_050_07	5b9d0bda7b458ac25f09afd6f0381c764e545f46	Thanks to everyone's\ncooperation, it looks like no\none suffered any serious\ninjuries. Thank you all so much!	machine	gemma-4-31B-it/qat-UD-Q4_K_XL/v2+story-v1/llama.cpp-b11443/t0	2026-10-07		
C129_050_08	a3bad8c6ccdca2653803380b1b449343ef6f4705	Elder's Granddaughter: Oh, to\nreceive such words from the\nGoddess... I am humbled.	machine	gemma-4-31B-it/qat-UD-Q4_K_XL/v2+story-v1/llama.cpp-b11443/t0	2026-10-07		
C129_050_09	15c900eb276285da7dec66df396c5cc3a54665c9	Young Man: If anything, we\nwere only able to fight because\nof the Goddess!! Seeing her\nbravery boosts our morale! A\ntrue Goddess of War!	machine	gemma-4-31B-it/qat-UD-Q4_K_XL/v2+story-v1/llama.cpp-b11443/t0	2026-10-07		
C129_050_11	0906b484a4aa626f6c0d5fd3a5b24b73272bdcee	I'm sorry for deceiving you all\nuntil now. We aren't gods or\nanything like that...	machine	gemma-4-31B-it/qat-UD-Q4_K_XL/v2+story-v1/llama.cpp-b11443/t0	2026-10-07		
C129_050_12	8d6bef37bcc1b2031e56431ca8562f305b6d7238	We are humans, just like you.	machine	gemma-4-31B-it/qat-UD-Q4_K_XL/v2+story-v1/llama.cpp-b11443/t0	2026-10-07		
C129_050_13	23f9fcd6d110d60711919c61c3662d4182bfbd41	Young Man: Huh...?	machine	gemma-4-31B-it/qat-UD-Q4_K_XL/v2+story-v1/llama.cpp-b11443/t0	2026-10-07		
C129_050_14	eae77c918b72158f2361bb71148729b998c68d54	We were born in a place far\nfrom here, and our ancestors\nfaced and overcame disasters\nmany times, just like the ones\nyou are facing now.	machine	gemma-4-31B-it/qat-UD-Q4_K_XL/v2+story-v1/llama.cpp-b11443/t0	2026-10-07		
C129_050_15	1d67534a4ba1bc1b4c9870bd940a29dfc2c06917	So, we are just humans who\nhappen to know a few more\ntricks and a bit more wisdom\nfor survival than you do.	machine	gemma-4-31B-it/qat-UD-Q4_K_XL/v2+story-v1/llama.cpp-b11443/t0	2026-10-07		
C129_050_16	21403913bf833afba671f9ca0722d58685e0003d	In fact, I lived deep\nunderground because the\nsurface had become a polluted\nwasteland where people could\nno longer survive.	machine	gemma-4-31B-it/qat-UD-Q4_K_XL/v2+story-v1/llama.cpp-b11443/t0	2026-10-07		
C129_050_17	b8cded608deabe6b788f6b95902cad778851c7aa	Yamato: ...C-could such a thing\nactually happen?	machine	gemma-4-31B-it/qat-UD-Q4_K_XL/v2+story-v1/llama.cpp-b11443/t0	2026-10-07		
C129_050_18	e7b6643d0014a9924c7ec0321cdf7bb5937792ad	Unfortunately, yes.	machine	gemma-4-31B-it/qat-UD-Q4_K_XL/v2+story-v1/llama.cpp-b11443/t0	2026-10-07		
C129_050_19	bd7e2a8980e743a74a4b789c88bf7ecc0edec3ed	But that was the result of my\nparents and many others\nthinking desperately to pass a\nglimmer of hope on to the\nfuture.	machine	gemma-4-31B-it/qat-UD-Q4_K_XL/v2+story-v1/llama.cpp-b11443/t0	2026-10-07		
C129_050_20	9d82a3a9fc8d30041f1341dbebab1f5f342f908b	There are depths of despair\nthat make you want to cling to\na god. ...But that should only\nhappen after you've done your\nabsolute best.	machine	gemma-4-31B-it/qat-UD-Q4_K_XL/v2+story-v1/llama.cpp-b11443/t0	2026-10-07		
C129_050_21	da51946f01c375150509a4912e82c3db4be365d3	The gods don't smile upon\nthose who do nothing.	machine	gemma-4-31B-it/qat-UD-Q4_K_XL/v2+story-v1/llama.cpp-b11443/t0	2026-10-07		
C129_050_23	7882400007957686c1dd1f1daacf46153b979433	Ichiyo: The cause of the faith\nthat led our people to cling to\nthe gods lies with us, the clan\nof the Miko.	machine	gemma-4-31B-it/qat-UD-Q4_K_XL/v2+story-v1/llama.cpp-b11443/t0	2026-10-07		
C129_050_24	351ef1af083f907219eb76eca654b6af044c8936	Elder: Lady Ichiyo! You were\nhere!? What is the meaning of\nthis...!	machine	gemma-4-31B-it/qat-UD-Q4_K_XL/v2+story-v1/llama.cpp-b11443/t0	2026-10-07		
C129_050_25	4f3fc3e27d97fa31e6eb27962b36303a12e3c48f	Ichiyo: First, to the travelers\nfrom afar, and to everyone\ngathered here: I thank you\nfrom the bottom of my heart\nfor saving our nation from its\nplight.	machine	gemma-4-31B-it/qat-UD-Q4_K_XL/v2+story-v1/llama.cpp-b11443/t0	2026-10-07		
C129_050_26	9c8f2e01b55dbd3f5cc5169dae2831a4f38566c2	Ichiyo: And now... please, listen.	machine	gemma-4-31B-it/qat-UD-Q4_K_XL/v2+story-v1/llama.cpp-b11443/t0	2026-10-07		
C129_050_27	09bbf1ff4bb58b9f80c76ef96029ad8e108c4bc0	...!! Ichiyo, you aren't planning to\ntalk about the prophecy here,\nare you!?	machine	gemma-4-31B-it/qat-UD-Q4_K_XL/v2+story-v1/llama.cpp-b11443/t0	2026-10-07		
C129_050_28	2621fad32f9d38ca2c1a40eb4a631af9163d73bf	Yamato: Lady Iyo! You mustn't!!	machine	gemma-4-31B-it/qat-UD-Q4_K_XL/v2+story-v1/llama.cpp-b11443/t0	2026-10-07		
C129_050_29	48afa0828fc3c4fe7b482d28bbde80abbe17fbdb	Iyo: Yamato, stand back. I will\ntell them everything... including\nthe sins of our shrine maidens.	machine	gemma-4-31B-it/qat-UD-Q4_K_XL/v2+story-v1/llama.cpp-b11443/t0	2026-10-07		
C129_050_30	6093680077c1c5795f9e3678d34f312689d75d40	Elder: ...M-My Lady. Then what\nwere the prophecies all this\ntime...? I thought you were\nalways guiding us on the\nrighteous path...!!	machine	gemma-4-31B-it/qat-UD-Q4_K_XL/v2+story-v1/llama.cpp-b11443/t0	2026-10-07		
C129_050_31	ad4606e399d8ed2d69954a5fe76f3a3a08684d04	Iyo: By reading the prophecies\nleft by the first shrine maiden,\none can predict the future to a\ncertain extent.	machine	gemma-4-31B-it/qat-UD-Q4_K_XL/v2+story-v1/llama.cpp-b11443/t0	2026-10-07		
C129_050_32	9f90f156a851b5ebb1c53ca08e46ede3acedd630	Iyo: However, since the\ndescriptions are not detailed,\nsome shrine maidens have\npassed them off as prophecies\nto lead the people. I am no\nexception.	machine	gemma-4-31B-it/qat-UD-Q4_K_XL/v2+story-v1/llama.cpp-b11443/t0	2026-10-07		
C129_050_33	80b009bbb56a6265e67699cdd2895c9a3419321e	Elder: ...How can this be! Are\nyou saying you shrine maidens\nhave been deceiving us?!	machine	gemma-4-31B-it/qat-UD-Q4_K_XL/v2+story-v1/llama.cpp-b11443/t0	2026-10-07		
C129_050_34	1dc33184ca77c94bc1b3a344195234c9f19f59fc	I don't think that's right.	machine	gemma-4-31B-it/qat-UD-Q4_K_XL/v2+story-v1/llama.cpp-b11443/t0	2026-10-07		
C129_050_35	7c62e761580f626698e6982d1d30fbda02193b90	I got a look inside the shrine,\nand there were piles of\ndocuments―domestic affairs,\nannual crop yields, the\nmovements of neighboring\ncountries, new technologies...	machine	gemma-4-31B-it/qat-UD-Q4_K_XL/v2+story-v1/llama.cpp-b11443/t0	2026-10-07		
C129_050_36	38d32a90c78b303c76950a8f561f5cdca9184b24	I believe the successive shrine\nmaidens used those documents\nto seek the best possible path,\nand then guided the country\nby presenting those findings as\nprophecies.	machine	gemma-4-31B-it/qat-UD-Q4_K_XL/v2+story-v1/llama.cpp-b11443/t0	2026-10-07		
C129_050_37	c403228575e5286eebdb9ba495f2fb1b115fef32	They bore that heavy burden\nalone, unable to tell anyone...	machine	gemma-4-31B-it/qat-UD-Q4_K_XL/v2+story-v1/llama.cpp-b11443/t0	2026-10-07		
C129_050_39	29355a819f44d1100e8b9b79cdc2cbed28e4541f	Elder's Granddaughter: We just\nwanted to take the easy way\nout by leaving everything to\nthe shrine maiden...	machine	gemma-4-31B-it/qat-UD-Q4_K_XL/v2+story-v1/llama.cpp-b11443/t0	2026-10-07		
C129_050_40	02b4bd5d69c91f6d89b72b07e68c690ccf43be34	Young Man: I'm sorry. We didn't\nknow any of that; we just\nthought we should put all our\nfaith in the shrine maiden...	machine	gemma-4-31B-it/qat-UD-Q4_K_XL/v2+story-v1/llama.cpp-b11443/t0	2026-10-07		
C129_050_41	03cf166924d72fe153fbf4074508bf7c93b5d528	It is not all your fault.	machine	gemma-4-31B-it/qat-UD-Q4_K_XL/v2+story-v1/llama.cpp-b11443/t0	2026-10-07		
C129_050_42	a0a22844e0d1dfaf2634777cbbc161144021d7ec	Elder: Hmm?	machine	gemma-4-31B-it/qat-UD-Q4_K_XL/v2+story-v1/llama.cpp-b11443/t0	2026-10-07		
C129_050_43	1ef1b6cd1a4999f8b8a965b40c4151cc1cfafd6f	The successive priestesses\nunderestimated the strength of\nthe people. They were so\ndesperate to handle everything\nthemselves that they refused\nto rely on anyone. Iyo, you are\nthe same, aren't you?	machine	gemma-4-31B-it/qat-UD-Q4_K_XL/v2+story-v1/llama.cpp-b11443/t0	2026-10-07		
C129_050_44	6642889c0109adcb3a2814184b4dcb8ae2e9e632	Iyo: ...!	machine	gemma-4-31B-it/qat-UD-Q4_K_XL/v2+story-v1/llama.cpp-b11443/t0	2026-10-07		
C129_050_45	3c869e5f843ee8ae0b3f01527b3448884d0d8d9a	Have you seen the people of\nthis land fight with Dauntless\nCourage? They are far more\nreliable than you think.	machine	gemma-4-31B-it/qat-UD-Q4_K_XL/v2+story-v1/llama.cpp-b11443/t0	2026-10-07		
C129_050_46	9b6020c4894e2e82b68dd19789ae5b4b311aeaf4	Iyo: ...You are right. It seems it\nwas my own way of thinking,\nrather than the country, that\nneeded to change.	machine	gemma-4-31B-it/qat-UD-Q4_K_XL/v2+story-v1/llama.cpp-b11443/t0	2026-10-07		
C129_050_47	551735e907274d4495cd6d22976b6a24897d34a5	Youth: Then please, count on\nus from now on, Priestess! If\nwe all work together, I'm sure\nwe can do something about the\npoor harvests and the plague!	machine	gemma-4-31B-it/qat-UD-Q4_K_XL/v2+story-v1/llama.cpp-b11443/t0	2026-10-07		
C129_050_48	f89fb7f54dee887be3d8cd25fb67a90a43c4ff77	Iyo: ...But, the clan of\npriestesses has continued to\ndeceive you all for decades...!	machine	gemma-4-31B-it/qat-UD-Q4_K_XL/v2+story-v1/llama.cpp-b11443/t0	2026-10-07		
C129_050_49	77fe27752f0beab0737100ed5b34f6ca2166df19	Elder's Granddaughter: ...It\nmust have been painful to lie\njust to protect us. From now\non, we won't just rely on you;\nwe will walk beside you.	machine	gemma-4-31B-it/qat-UD-Q4_K_XL/v2+story-v1/llama.cpp-b11443/t0	2026-10-07		
C129_050_51	4ed1e3600571ace711fb29142d1fc29f61d42f58	Iyo, there is no one here who\nwants to condemn you.	machine	gemma-4-31B-it/qat-UD-Q4_K_XL/v2+story-v1/llama.cpp-b11443/t0	2026-10-07		
C129_050_52	40eb5baad998e320e6f33c7b07afab58034e2591	Besides, you've gone through\nall those piles of documents,\nright? Your knowledge is\nnecessary for the future of\nthis country.	machine	gemma-4-31B-it/qat-UD-Q4_K_XL/v2+story-v1/llama.cpp-b11443/t0	2026-10-07		
C129_050_53	ff23dee81498cc916f073e9dd07e031c7bf92cde	Elder: ...I haven't lived this long\nfor nothing. I have some\nknowledge of farming methods.\nI shall call upon the other\nelders as well.	machine	gemma-4-31B-it/qat-UD-Q4_K_XL/v2+story-v1/llama.cpp-b11443/t0	2026-10-07		
C129_050_54	a1f564699e3084e24d263bd2f2247ceaacbc0230	Iyo: Elder...! Thank you so much.	machine	gemma-4-31B-it/qat-UD-Q4_K_XL/v2+story-v1/llama.cpp-b11443/t0	2026-10-07		
C129_050_55	5e5c8d5e7a37402c75e157a6a05b7a58aee37507	I suppose this is exactly what\nthey call a new beginning for\nthis country. It's a perfect fit\nfor this scenery!	machine	gemma-4-31B-it/qat-UD-Q4_K_XL/v2+story-v1/llama.cpp-b11443/t0	2026-10-07		
C129_050_56	bf1ef57bc2ee8acb137a6026132a4d7eb8b13fce	This story has come to an end.\nMore stories are planned for\nrelease in the future. Please\nlook forward to them.	machine	gemma-4-31B-it/qat-UD-Q4_K_XL/v2+story-v1/llama.cpp-b11443/t0	2026-10-07		
C129_060_01	94dd966b9da6ff48ed6e3575b3e1461d5569af88	Yamato: The issues with food\nand plague won't be resolved\novernight, but meetings to find\na solution are progressing. It is\nall thanks to everyone.	machine	gemma-4-31B-it/qat-UD-Q4_K_XL/v2+story-v1/llama.cpp-b11443/t0	2026-10-07		
C129_060_02	6f33956a3013d71673e551354a37cdb4f463d481	No, it was the hard work of the\nelite squad that moved\npeople's hearts. We didn't\nreally...	machine	gemma-4-31B-it/qat-UD-Q4_K_XL/v2+story-v1/llama.cpp-b11443/t0	2026-10-07		
C129_060_03	7e42f5ae699b2ec701cdbfae8966170230a4516b	You looked the part, leading\nthat elite squad, Yamato.	machine	gemma-4-31B-it/qat-UD-Q4_K_XL/v2+story-v1/llama.cpp-b11443/t0	2026-10-07		
C129_060_04	794ccea9a499b7da6a67c876820584baca67770f	Yamato: In that case, I am\neven more grateful to the two\nof you.	machine	gemma-4-31B-it/qat-UD-Q4_K_XL/v2+story-v1/llama.cpp-b11443/t0	2026-10-07		
C129_060_05	ea0d9f1958a6390ddd215a94264afd2215e69468	Yamato: If it weren't for Reimi's\nwords back then, I think I would\nstill be agonizing over it and\nwould never have been able to\nlead the squad like that...	machine	gemma-4-31B-it/qat-UD-Q4_K_XL/v2+story-v1/llama.cpp-b11443/t0	2026-10-07		
C129_060_06	4e9481182899cd666ecc5d0982147b05404b2f0c	The day before the final battle	machine	gemma-4-31B-it/qat-UD-Q4_K_XL/v2+story-v1/llama.cpp-b11443/t0	2026-10-07		
C129_060_07	60302b08e9f7a93eb269194dcf8975635c8e6696	Yamato, this elite squad you\nsummoned is quite a force.\nThey're disciplined and their\nmorale is high. Are they your\nsubordinates?	machine	gemma-4-31B-it/qat-UD-Q4_K_XL/v2+story-v1/llama.cpp-b11443/t0	2026-10-07		
C129_060_08	7c792daa9aca3b9ec0b9eecd371d3847b05176ad	Yamato: No, they are comrades\nfrom when I was assigned to\nguard the northern border.	machine	gemma-4-31B-it/qat-UD-Q4_K_XL/v2+story-v1/llama.cpp-b11443/t0	2026-10-07		
C129_060_09	aea3a749ac1a753446efa6f855ed6ebd9e743b51	I heard from Iyo that this\ncountry is under invasion from\na neighboring nation. That's\nwhy everyone is so\naccustomed to combat, isn't\nit?	machine	gemma-4-31B-it/qat-UD-Q4_K_XL/v2+story-v1/llama.cpp-b11443/t0	2026-10-07		
C129_060_10	86672b50725afa6b8b661311a29c777fb1f6e8b6	Yamato: Yes. Furthermore,\neveryone is risking everything\non the hope that this battle will\nchange this country.	machine	gemma-4-31B-it/qat-UD-Q4_K_XL/v2+story-v1/llama.cpp-b11443/t0	2026-10-07		
C129_060_11	11ff424d098d13f0d5b9216893b028e2550af9ae	Risking everything?	machine	gemma-4-31B-it/qat-UD-Q4_K_XL/v2+story-v1/llama.cpp-b11443/t0	2026-10-07		
C129_060_12	bea5570e86f38ee3793ba291468f349c0e7628bf	Yamato: The border regions\noriginally received little aid\nfrom the capital and were poor,\nbut this recent crop failure has\npushed them into the worst\npossible situation.	machine	gemma-4-31B-it/qat-UD-Q4_K_XL/v2+story-v1/llama.cpp-b11443/t0	2026-10-07		
C129_060_13	f90425df3752e279e197b4e98461243f82da2275	Yamato: If this war changes\nthe country, there is a chance\nthey can save their families\nwho suffer from disease and\nhunger. That is why morale is\nso high.	machine	gemma-4-31B-it/qat-UD-Q4_K_XL/v2+story-v1/llama.cpp-b11443/t0	2026-10-07		
C129_060_14	2efddc6cf5fd300a3efb5322163ee589d59fc9bc	Yamato, what about you?	machine	gemma-4-31B-it/qat-UD-Q4_K_XL/v2+story-v1/llama.cpp-b11443/t0	2026-10-07		
C129_060_15	589a039329f569b0dd0c18cd8aa2d6379fbf175f	Yamato: Me...?	machine	gemma-4-31B-it/qat-UD-Q4_K_XL/v2+story-v1/llama.cpp-b11443/t0	2026-10-07		
C129_060_16	8c25c2365be9736ec34bdf2f3bd6d9d6fb41fec8	...It's a lie, isn't it? That there's\na country willing to shelter Iyo\nif a rebellion breaks out.	machine	gemma-4-31B-it/qat-UD-Q4_K_XL/v2+story-v1/llama.cpp-b11443/t0	2026-10-07		
C129_060_17	a0c3d8869b23665f9ffe184488549b95abfb02a9	Yamato: ...!!	machine	gemma-4-31B-it/qat-UD-Q4_K_XL/v2+story-v1/llama.cpp-b11443/t0	2026-10-07		
C129_060_18	91559b768a3936a03063e3f44fa35e5ceebff98d	She intends to end this\nrebellion through her own\nexecution to build a new\nnation.	machine	gemma-4-31B-it/qat-UD-Q4_K_XL/v2+story-v1/llama.cpp-b11443/t0	2026-10-07		
C129_060_19	855f5a51494204994b0394dbe28c81ef33f2e06d	Yamato: ...My apologies. The\nMiko forbade me from speaking\nof it, fearing it would worry you\nall.	machine	gemma-4-31B-it/qat-UD-Q4_K_XL/v2+story-v1/llama.cpp-b11443/t0	2026-10-07		
C129_060_20	36d6bf7ca9506df585d51ef78020500623a06773	Yamato, are you really okay\nwith this? A reform built upon\nthe sacrifice of someone who\nloves her country that much!	machine	gemma-4-31B-it/qat-UD-Q4_K_XL/v2+story-v1/llama.cpp-b11443/t0	2026-10-07		
C129_060_21	00f8ebcc1079d77f2d7def3b92db8cf3a518f49a	Yamato: ...It is not a matter of\nwhether I am okay with it or\nnot...	machine	gemma-4-31B-it/qat-UD-Q4_K_XL/v2+story-v1/llama.cpp-b11443/t0	2026-10-07		
C129_060_22	091d7512a3e3288246171b210333ca4d72d370fb	Yamato: The Miko has decided.\nAs her guardian, I will carry out\nmy duty with every ounce of\nmy strength until the end.	machine	gemma-4-31B-it/qat-UD-Q4_K_XL/v2+story-v1/llama.cpp-b11443/t0	2026-10-07		
C129_060_23	62b31845edb3e8049560bac4d558b9b57a0cbd62	I can tell just by watching you\ndraw your bow. I can see the\nhesitation in your heart...	machine	gemma-4-31B-it/qat-UD-Q4_K_XL/v2+story-v1/llama.cpp-b11443/t0	2026-10-07		
C129_060_24	920db56bfa4d31c4c807a54387eec84122656450	Even if this is all a play, you're\nthe one leading the troops into\nbattle. If the commander is in\nthat state, won't it cause\nproblems for everyone?	machine	gemma-4-31B-it/qat-UD-Q4_K_XL/v2+story-v1/llama.cpp-b11443/t0	2026-10-07		
C129_060_25	4c697a6b55aa277d594604653e34905e22d2454e	If there is something going on,\ncould you please tell us about\nit?	machine	gemma-4-31B-it/qat-UD-Q4_K_XL/v2+story-v1/llama.cpp-b11443/t0	2026-10-07		
C129_060_26	ff88e14f0ca97a3b57ce45799ed5c7a513ff1481	Yamato: ...You are truly honest\npeople. It seems I cannot\ndeceive you.	machine	gemma-4-31B-it/qat-UD-Q4_K_XL/v2+story-v1/llama.cpp-b11443/t0	2026-10-07		
C129_060_27	d2ca2a1ad4a6aadddda178b54485d17a533752b7	Yamato: ...The truth is, there\nwas once a time when I tried\nto kidnap the Miko and run\naway.	machine	gemma-4-31B-it/qat-UD-Q4_K_XL/v2+story-v1/llama.cpp-b11443/t0	2026-10-07		
C129_060_28	83a6297825cc5aa3f24b2a82df2c41290d1d6d26	That was about ten years ago,\nwhen the Miko was still in her\nteens.	machine	gemma-4-31B-it/qat-UD-Q4_K_XL/v2+story-v1/llama.cpp-b11443/t0	2026-10-07		
C129_060_29	9e37865b8519c7174732bcb5799b70b81a509634	The country was in chaos, with\ncrop failures continuing across\nthe land, just as they are now.	machine	gemma-4-31B-it/qat-UD-Q4_K_XL/v2+story-v1/llama.cpp-b11443/t0	2026-10-07		
C129_060_30	21d8e201d8ece21fc6a81d3c290e37f602c19a63	She must have been working\nwithout sleep or rest,\nsearching for a solution,	machine	gemma-4-31B-it/qat-UD-Q4_K_XL/v2+story-v1/llama.cpp-b11443/t0	2026-10-07		
C129_060_31	0481c241774ac25baf4ba0cf2eb613c425793d01	for the Miko looked terrible.\nDesperate to get her to drink\nsome medicinal tea,	machine	gemma-4-31B-it/qat-UD-Q4_K_XL/v2+story-v1/llama.cpp-b11443/t0	2026-10-07		
C129_060_32	0510093c9922047a66d2d02915fddbbe5fa7e735	I broke the taboo and stepped\ninside the Miko's shrine.	machine	gemma-4-31B-it/qat-UD-Q4_K_XL/v2+story-v1/llama.cpp-b11443/t0	2026-10-07		
C129_060_33	05a901b965790cb21283c42d846bcee8f73bacd4	And there, I discovered what\nlay within the shrine―the truth\nabout the Miko...	machine	gemma-4-31B-it/qat-UD-Q4_K_XL/v2+story-v1/llama.cpp-b11443/t0	2026-10-07		
C129_060_34	fe41ef7f90457938945ac74389565c4eeaf11df2	I repeatedly urged her to make\nit public, believing it was not a\nresponsibility a teenage girl\nshould have to bear, but she\nnever agreed.	machine	gemma-4-31B-it/qat-UD-Q4_K_XL/v2+story-v1/llama.cpp-b11443/t0	2026-10-07		
C129_060_35	75daee52cc33924cfce968c405d8e94b5810a38b	Then, the incident occurred.	machine	gemma-4-31B-it/qat-UD-Q4_K_XL/v2+story-v1/llama.cpp-b11443/t0	2026-10-07		
C129_060_36	cd5aa9a285f1848a2b8a02709d95eba976ac3dc4	Driven to desperation by the\nfood shortage that showed no\nsign of improving, young people\nfrom the frontier stormed the\nCentral Council.	machine	gemma-4-31B-it/qat-UD-Q4_K_XL/v2+story-v1/llama.cpp-b11443/t0	2026-10-07		
C129_060_37	7c6ae41b1e20ea86b0d60dd5c302b826ed764c29	Fires broke out all across the\ntown.	machine	gemma-4-31B-it/qat-UD-Q4_K_XL/v2+story-v1/llama.cpp-b11443/t0	2026-10-07		
C129_060_38	adbf0288b237e7fd6730ec9da7846a3738c91952	As I protected her and fled\nthrough the chaos, I realized\nthat this was an opportunity.	machine	gemma-4-31B-it/qat-UD-Q4_K_XL/v2+story-v1/llama.cpp-b11443/t0	2026-10-07		
C129_060_39	f0051788174a35f90dae5cb74e43ba0ddb8e24df	Taking advantage of the\nconfusion, I stole a horse and\nled her away.	machine	gemma-4-31B-it/qat-UD-Q4_K_XL/v2+story-v1/llama.cpp-b11443/t0	2026-10-07		
C129_060_40	e7b4c86df6ab4b1b4e8bfcf884a65cc68c11f1c1	I told her, "Let us abandon a\ncountry that burdens you with\nsuch a heavy responsibility,\nand live our lives together."	machine	gemma-4-31B-it/qat-UD-Q4_K_XL/v2+story-v1/llama.cpp-b11443/t0	2026-10-07		
C129_060_41	49c79545f7ebb069ac59e6eb1084b25d76d27d8c	As we rode, we spoke of what\nshe wished to do once we had\nleft the country...	machine	gemma-4-31B-it/qat-UD-Q4_K_XL/v2+story-v1/llama.cpp-b11443/t0	2026-10-07		
C129_060_42	3631c5b3c8623864e261ad8abdfbe738625e2f92	Yamato: While I was resting the\nhorse, she had vanished.	machine	gemma-4-31B-it/qat-UD-Q4_K_XL/v2+story-v1/llama.cpp-b11443/t0	2026-10-07		
C129_060_43	6d11244ac87bf335272e53073cafe9401bf8f375	So Iyo had already resolved\nher path in life, even at that\nage.	machine	gemma-4-31B-it/qat-UD-Q4_K_XL/v2+story-v1/llama.cpp-b11443/t0	2026-10-07		
C129_060_44	b4c033a6dd57f03700865054e794dabdf6ef4a9d	Yamato: From that moment on,\nI decided to align myself with\nher resolve.	machine	gemma-4-31B-it/qat-UD-Q4_K_XL/v2+story-v1/llama.cpp-b11443/t0	2026-10-07		
C129_060_45	7c50402494dc06a29a4a88fa6f2fe43a5b8ce2c1	Yamato: I am the blade that\ncarries out her wishes. Until\nthe moment she desires death,\nI shall grant it.	machine	gemma-4-31B-it/qat-UD-Q4_K_XL/v2+story-v1/llama.cpp-b11443/t0	2026-10-07		
C129_060_46	385829889e39866e9b81db8866cad0bfae6e20e5	And you're just going to leave\neverything up to Iyo-san like\nthat?	machine	gemma-4-31B-it/qat-UD-Q4_K_XL/v2+story-v1/llama.cpp-b11443/t0	2026-10-07		
C129_060_47	c7bbad1d3faeacba56cd5d5c7d316843e0215753	If you just give up because you\ncan't change her mind and\nstop thinking for yourself,\naren't you just like everyone\nelse in the country?	machine	gemma-4-31B-it/qat-UD-Q4_K_XL/v2+story-v1/llama.cpp-b11443/t0	2026-10-07		
C129_060_48	a0c3d8869b23665f9ffe184488549b95abfb02a9	Yamato: ...!!	machine	gemma-4-31B-it/qat-UD-Q4_K_XL/v2+story-v1/llama.cpp-b11443/t0	2026-10-07		
C129_060_49	f7c8587b0d001c0883656b27794157a4a000c1cd	...Yamato. Could you tell me\nwhat you're really thinking?	machine	gemma-4-31B-it/qat-UD-Q4_K_XL/v2+story-v1/llama.cpp-b11443/t0	2026-10-07		
C129_060_50	29ff1319d71080540cac25cfcc03cf5dfca21766	Yamato: ...I...	machine	gemma-4-31B-it/qat-UD-Q4_K_XL/v2+story-v1/llama.cpp-b11443/t0	2026-10-07		
C129_060_51	e7a41b150fe011be6727abb2611b49a63ce80893	Yamato: ...I want to protect\nLady Iyo...!! But if I do, this\ncountry she loves so dearly\nwill...!	machine	gemma-4-31B-it/qat-UD-Q4_K_XL/v2+story-v1/llama.cpp-b11443/t0	2026-10-07		
C129_060_52	74c5ce6c445c3d5811d84711db33c507f7dee2fa	Then it's settled. Let's protect\nthem both. Lady Iyo and this\ncountry!	machine	gemma-4-31B-it/qat-UD-Q4_K_XL/v2+story-v1/llama.cpp-b11443/t0	2026-10-07		
C129_060_53	d1995d8e828402fd7343bdd7045f919002be755a	Even if people call it reckless,\nas long as you have an\nunwavering resolve within you,\na way will open. I'll help you!	machine	gemma-4-31B-it/qat-UD-Q4_K_XL/v2+story-v1/llama.cpp-b11443/t0	2026-10-07		
C129_060_54	a2dd063d42290e5bf92e16d201ebe57cd9f2fc12	Yamato: To think that I, too,\nhad become someone who\nwould place such a heavy\nburden on the Miko... I am truly\nashamed.	machine	gemma-4-31B-it/qat-UD-Q4_K_XL/v2+story-v1/llama.cpp-b11443/t0	2026-10-07		
C129_060_55	f9dc07c3c3e7faf68f3367987cc01a6aa01187fc	I'm sure there's a way to\nprotect both the future of this\ncountry and Lady Iyo. As long\nas we don't forget to search\nfor that path together...	machine	gemma-4-31B-it/qat-UD-Q4_K_XL/v2+story-v1/llama.cpp-b11443/t0	2026-10-07		
C129_060_56	dae34df87c47f2353de756af2d03602ec0d3a8ab	Yamato: Yes. I will keep that in\nmind and continue to devote\nmyself to the cause.	machine	gemma-4-31B-it/qat-UD-Q4_K_XL/v2+story-v1/llama.cpp-b11443/t0	2026-10-07		
C129_060_57	efabb5b6acd5ab9484ec26da20dad2784c9588a8	Protecting everything, huh...\nReimi, you're starting to sound\na lot like Edge.	machine	gemma-4-31B-it/qat-UD-Q4_K_XL/v2+story-v1/llama.cpp-b11443/t0	2026-10-07		
C129_060_58	d0266993ffce130079272ddd5c92354a296e6d59	What!?	machine	gemma-4-31B-it/qat-UD-Q4_K_XL/v2+story-v1/llama.cpp-b11443/t0	2026-10-07		
C129_060_59	6fd4b44513eae6cb172eed961800be2993cb9adf	I guess it's true that couples\nstart to resemble each other.\nOnii-san is so happy!	machine	gemma-4-31B-it/qat-UD-Q4_K_XL/v2+story-v1/llama.cpp-b11443/t0	2026-10-07		
C129_060_60	75df209b493d4a9693f8d833be275faaff715bbd	Hmph, couples... what are you\ntalking about, Crowe!! It's not\nlike that at all!!	machine	gemma-4-31B-it/qat-UD-Q4_K_XL/v2+story-v1/llama.cpp-b11443/t0	2026-10-07		
C129_060_61	f69b3556efbbd6773a44a9d03eba9319db347a7f	Yamato: So you have someone\nprecious to you as well, Reimi. I\nwould very much like to meet\nthem.	machine	gemma-4-31B-it/qat-UD-Q4_K_XL/v2+story-v1/llama.cpp-b11443/t0	2026-10-07		
C129_060_62	16a35ebafbf6560e7827033fad64f6058e28eb76	Want me to call him? If I tell\nhim Reimi's calling, he'll\nprobably come running. Hey,\nCoro! Can you hear me?	machine	gemma-4-31B-it/qat-UD-Q4_K_XL/v2+story-v1/llama.cpp-b11443/t0	2026-10-07		
C129_060_63	bc52ad58901b52e34834737f53d864a18f0e7d9d	Stop it, Crowe! I told you to\nstop!!	machine	gemma-4-31B-it/qat-UD-Q4_K_XL/v2+story-v1/llama.cpp-b11443/t0	2026-10-07		
C129_070_01	008e1958066dda465a03ff51eb01ce0365ba73a0	So the prophecy to "hold a\nfeast to welcome the gods"\nwas also intended to gather\ncrops in the center.	machine	gemma-4-31B-it/qat-UD-Q4_K_XL/v2+story-v1/llama.cpp-b11443/t0	2026-10-07		
C129_070_02	a3065d22b3ea3b16ae8fcbf2c2e2dada5816d8e3	Iyo: Yes. That way, they can\nbuy crops from regions where\nthey are relatively plentiful and\nsell them at a low price to\nregions suffering from poor\nharvests.	machine	gemma-4-31B-it/qat-UD-Q4_K_XL/v2+story-v1/llama.cpp-b11443/t0	2026-10-07		
C129_070_03	798143ea404e946088576ce309b01eaaa9cd9dea	The Miko are well-versed in\neconomics as well, it seems.	machine	gemma-4-31B-it/qat-UD-Q4_K_XL/v2+story-v1/llama.cpp-b11443/t0	2026-10-07		
C129_070_04	1ccae5776ba8400fe681b3a7b9b7e8482cf2a707	Iyo: It is all thanks to the\ndocuments left behind by the\nprevious Miko.	machine	gemma-4-31B-it/qat-UD-Q4_K_XL/v2+story-v1/llama.cpp-b11443/t0	2026-10-07		
C129_070_05	0f8d59f6005010a3496e7e005201d1884382360a	It's not as if everything is\nperfectly solved, but it doesn't\nlook like our help is needed\nanymore. Shall we get back to\nour own journey?	machine	gemma-4-31B-it/qat-UD-Q4_K_XL/v2+story-v1/llama.cpp-b11443/t0	2026-10-07		
C129_070_07	6b13f9bdaa39aa86ef2e1efe94845676de13fe41	What's wrong?	machine	gemma-4-31B-it/qat-UD-Q4_K_XL/v2+story-v1/llama.cpp-b11443/t0	2026-10-07		
C129_070_08	c3902306938a88f8547b3ee8cf992239103e05dc	There's still something\nbothering me. I want to know\nwhat on earth was controlling\nthose Korodaruma.	machine	gemma-4-31B-it/qat-UD-Q4_K_XL/v2+story-v1/llama.cpp-b11443/t0	2026-10-07		
C129_070_09	44e0bd5e6c842b71bbd503649aebd7eaeee9639c	Maybe Coro just had some\npoor maintenance?	machine	gemma-4-31B-it/qat-UD-Q4_K_XL/v2+story-v1/llama.cpp-b11443/t0	2026-10-07		
C129_070_10	85a8955557fed8527af28f0e228649d126a17f6b	It's possible, but we're talking\nabout a special barrier being\ncast. That alone doesn't\nexplain it.	machine	gemma-4-31B-it/qat-UD-Q4_K_XL/v2+story-v1/llama.cpp-b11443/t0	2026-10-07		
C129_070_11	a1c9f0c9fffaacd591e610f1ad8f401074b0e726	Iyo: ...At that time, I felt\nsomething similar to the power\nI feel at the Miko's shrine. It\nmay have been the power of\nthe first Miko.	machine	gemma-4-31B-it/qat-UD-Q4_K_XL/v2+story-v1/llama.cpp-b11443/t0	2026-10-07		
C129_070_12	ecdc2467c6b55322572329f4d6cb714219748ad8	You mean the first Miko\nworried about the country's\nfuture and made the\nKorodaruma go wild just to\ngive the people a reason to\ncooperate?	machine	gemma-4-31B-it/qat-UD-Q4_K_XL/v2+story-v1/llama.cpp-b11443/t0	2026-10-07		
C129_070_13	5956699aa5cea7c7613a69396f27f6131edb4267	No way, the first Miko lived\nhundreds of years ago, right?\nEven for her, it's a stretch to\nthink her spells would still be\nactive...	machine	gemma-4-31B-it/qat-UD-Q4_K_XL/v2+story-v1/llama.cpp-b11443/t0	2026-10-07		
C129_070_14	3e4249b7634099366c956445e4da915acc5ff744	That is certainly a possibility.	machine	gemma-4-31B-it/qat-UD-Q4_K_XL/v2+story-v1/llama.cpp-b11443/t0	2026-10-07		
C129_070_15	add8ec55f62c5524ebd416258cb28722c945e907	Ichiyo, the First Priestess's\nprophecy spoke of three\ngoddesses arriving. In other\nwords, she likely did not\nforesee my coming.	machine	gemma-4-31B-it/qat-UD-Q4_K_XL/v2+story-v1/llama.cpp-b11443/t0	2026-10-07		
C129_070_16	8011af47ce1dae11476bef52471d518e9768f03d	Similarly, I did not foresee the\nfuture in which that strange\nmachine would go haywire.	machine	gemma-4-31B-it/qat-UD-Q4_K_XL/v2+story-v1/llama.cpp-b11443/t0	2026-10-07		
C129_070_17	8556522aa96254d1220753e7e148e06cfb7dc9d0	Perhaps there are things that\nremain hidden even from those\nwho possess the power of the\nOracle when their fates\nintertwine.	machine	gemma-4-31B-it/qat-UD-Q4_K_XL/v2+story-v1/llama.cpp-b11443/t0	2026-10-07		
C129_070_18	d0a3fedf0047e45e32d34d5d8a30510072344d2d	Well, that's actually quite nice.\nIt's like the First Priestess is\nstill watching over us. I think\nthat'll be a great source of\nstrength for the people of this\nland.	machine	gemma-4-31B-it/qat-UD-Q4_K_XL/v2+story-v1/llama.cpp-b11443/t0	2026-10-07		
C129_070_19	df31622a36820d2ead3856ac5b2806b05b90c2ff	Hmph. I find it far too\noverprotective.	machine	gemma-4-31B-it/qat-UD-Q4_K_XL/v2+story-v1/llama.cpp-b11443/t0	2026-10-07		
C129_070_20	f9888c9b9e3ad1428cecab78436ef2ec9abf5ef3	Eleyna!	machine	gemma-4-31B-it/qat-UD-Q4_K_XL/v2+story-v1/llama.cpp-b11443/t0	2026-10-07		
C129_070_21	dfc526bc8f65f50b34ceafad29f0c4314f6a9bb9	As one who wields the power\nof the Oracle, she should have\nunderstood how dangerous this\npower is and that it must not\nbe carelessly revealed to\nothers.	machine	gemma-4-31B-it/qat-UD-Q4_K_XL/v2+story-v1/llama.cpp-b11443/t0	2026-10-07		
C129_070_22	73906b2de90a7258c57c58d4b21d21fdf706ba85	Ichiyo: I have heard that the\nera of the First Priestess was\nas chaotic as the country is\nnow. She did it to save the\npeople...	machine	gemma-4-31B-it/qat-UD-Q4_K_XL/v2+story-v1/llama.cpp-b11443/t0	2026-10-07		
C129_070_23	26ae7038bd3bf8653fe7f3a5df087c78136dc020	Even so. Great power changes\nthe very nature of the world. I\nthought you all would have\nunderstood that.	machine	gemma-4-31B-it/qat-UD-Q4_K_XL/v2+story-v1/llama.cpp-b11443/t0	2026-10-07		
C129_070_24	1d6213d58eeb839d07e390044532ef99f75736e6	There is nothing left for me to\ndo here. I am returning to the\nship.	machine	gemma-4-31B-it/qat-UD-Q4_K_XL/v2+story-v1/llama.cpp-b11443/t0	2026-10-07		
C129_070_25	6fa8274da9cac14180170b68b17465a99f896d7a	Eleyna...	machine	gemma-4-31B-it/qat-UD-Q4_K_XL/v2+story-v1/llama.cpp-b11443/t0	2026-10-07		
C129_070_26	862ad524ac01a9cf9a4ffd1fb7fb15dbc803abec	Iyo: You were here.	machine	gemma-4-31B-it/qat-UD-Q4_K_XL/v2+story-v1/llama.cpp-b11443/t0	2026-10-07		
C129_070_27	b99e6fcb236829f61a1188e7166dfd890cc7ac4b	...Oh, Iyo.	machine	gemma-4-31B-it/qat-UD-Q4_K_XL/v2+story-v1/llama.cpp-b11443/t0	2026-10-07		
C129_070_28	ef5fe3e58b6549298ffc418a3f6b2682d9ff4dad	Iyo: ...Were you thinking about\nwhat Lady Eleyna said?	machine	gemma-4-31B-it/qat-UD-Q4_K_XL/v2+story-v1/llama.cpp-b11443/t0	2026-10-07		
C129_070_29	5912890fb7ffa0ce307b7fa23c13496b427f5efe	Yes... I was wondering how\nEleyna feels as she looks upon\nthis world.	machine	gemma-4-31B-it/qat-UD-Q4_K_XL/v2+story-v1/llama.cpp-b11443/t0	2026-10-07		
C129_070_30	8b1fbcf7614dde20c2478cdd801ea6eb6946e05f	I wonder if she keeps her\nsilence to protect the world,\neven knowing through the\noracle that she will lose those\ndear to her.	machine	gemma-4-31B-it/qat-UD-Q4_K_XL/v2+story-v1/llama.cpp-b11443/t0	2026-10-07		
C129_070_31	20857d5af5b9e6a75e4927b5a42fc6a032a33c84	...I think that might be far more\ngrueling than actually wielding\npower.	machine	gemma-4-31B-it/qat-UD-Q4_K_XL/v2+story-v1/llama.cpp-b11443/t0	2026-10-07		
C129_070_32	e7aa093a9f893393ca1e02a4601f67fed2ff0936	Iyo: ...Ms. Karlyn.	machine	gemma-4-31B-it/qat-UD-Q4_K_XL/v2+story-v1/llama.cpp-b11443/t0	2026-10-07		
C129_070_33	e1baf51a3074cb95880a1adf8dc5e63282a3c3bb	To be honest, there is an\nunknown power dormant within\nme, and I'm not sure if I can\neven control it.	machine	gemma-4-31B-it/qat-UD-Q4_K_XL/v2+story-v1/llama.cpp-b11443/t0	2026-10-07		
C129_070_34	2109ac47c29cbb3a90b01ad8f12b0299468ad98e	Even so, I decided that if this\npower could protect my\ncomrades, I wouldn't hesitate\nto use it.	machine	gemma-4-31B-it/qat-UD-Q4_K_XL/v2+story-v1/llama.cpp-b11443/t0	2026-10-07		
C129_070_35	d08fdbc29f0e2c03e25abeb539a8c3200f33bd37	But power that is too great\nhas the potential to warp the\nworld and the future, doesn't\nit?	machine	gemma-4-31B-it/qat-UD-Q4_K_XL/v2+story-v1/llama.cpp-b11443/t0	2026-10-07		
C129_070_36	4a17043e367f95595402478892a980b4a676f7da	Iyo: "With eyes of foresight,\nstand firm upon the present\nearth."	machine	gemma-4-31B-it/qat-UD-Q4_K_XL/v2+story-v1/llama.cpp-b11443/t0	2026-10-07		
C129_070_37	5b8d7982954d221e2bcfa23514aa448bec1dd919	Huh?	machine	gemma-4-31B-it/qat-UD-Q4_K_XL/v2+story-v1/llama.cpp-b11443/t0	2026-10-07		
C129_070_38	504ecbb32ad41b991361771c01be53f330b2ddb2	Iyo: Those are the words of the\nfirst Miko. While gazing toward\nthe distant future, one must\nnot forget that the future is\nconnected to the land we\nstand upon.	machine	gemma-4-31B-it/qat-UD-Q4_K_XL/v2+story-v1/llama.cpp-b11443/t0	2026-10-07		
C129_070_39	1c4d6f57edbdb581412f7818d6b160cc55313d9b	Iyo: I believe it means that if\nwe cannot cherish the present,\nwe cannot protect the future.	machine	gemma-4-31B-it/qat-UD-Q4_K_XL/v2+story-v1/llama.cpp-b11443/t0	2026-10-07		
C129_070_40	0228f253fc72cefad0675bf5b099846aff44b85b	...So, you're saying I should\ncherish the now in order to\nprotect the future?	machine	gemma-4-31B-it/qat-UD-Q4_K_XL/v2+story-v1/llama.cpp-b11443/t0	2026-10-07		
C129_070_41	a7f51e0862b7ca33e5457758e405cb0f7dbd9530	Iyo: Yes. Since even an oracle\ncan be overturned and be\nnothing more than one\npossibility, I believe there is no\nsuch thing as an absolute\ncorrect answer in this world.	machine	gemma-4-31B-it/qat-UD-Q4_K_XL/v2+story-v1/llama.cpp-b11443/t0	2026-10-07		
C129_070_42	ef761797bff7422288e92e1383e29804b9a67e3b	Iyo: I believe that the optimal\nsolution you reach after\nworrying and thinking things\nthrough with your comrades\nwill be what leads to the\nfuture, Karlyn.	machine	gemma-4-31B-it/qat-UD-Q4_K_XL/v2+story-v1/llama.cpp-b11443/t0	2026-10-07		
C129_070_43	d82805a2f4979927ad4341e6c03fd993be2a261c	Iyo: In that sense, it is just like\nthe present and future of my\nown country.	machine	gemma-4-31B-it/qat-UD-Q4_K_XL/v2+story-v1/llama.cpp-b11443/t0	2026-10-07		
C129_070_44	ab73cc858f6034a9a474773bbe38bbc9ee95ce1b	Thank you. Those are lovely\nwords.	machine	gemma-4-31B-it/qat-UD-Q4_K_XL/v2+story-v1/llama.cpp-b11443/t0	2026-10-07		
C129_070_45	6e4cdcc042f870f83cb4e10475731ddea87b724d	By the way, Iyo. Since you've\ncome all this way, weren't you\nlooking for me?	machine	gemma-4-31B-it/qat-UD-Q4_K_XL/v2+story-v1/llama.cpp-b11443/t0	2026-10-07		
C129_070_46	85e24db7c2298789421b3061ee5c4b021b1717f0	Iyo: Ah, yes. I wanted to give\nthis to you, Karlyn...	machine	gemma-4-31B-it/qat-UD-Q4_K_XL/v2+story-v1/llama.cpp-b11443/t0	2026-10-07		
C129_070_47	4041062e3a6ce14e68f6aef2d0ee05141dff8bcb	Hmm, what's this?	machine	gemma-4-31B-it/qat-UD-Q4_K_XL/v2+story-v1/llama.cpp-b11443/t0	2026-10-07		
C129_070_48	7aafd4b91abd97d25634ca9768aa8715bcd96ef8	Iyo: It is the key to the Miko's\nShrine. I have already removed\nthe documents inside, so only\nthe first Miko's prophecy\nremains.	machine	gemma-4-31B-it/qat-UD-Q4_K_XL/v2+story-v1/llama.cpp-b11443/t0	2026-10-07		
C129_070_49	13b4240c385a789b73a93cbeb52485de57b582b4	Are you sure it's okay to give\nthis to me?	machine	gemma-4-31B-it/qat-UD-Q4_K_XL/v2+story-v1/llama.cpp-b11443/t0	2026-10-07		
C129_070_50	c09ddce88012ef656787b9c99a05b2dd0b2cd64d	Iyo: I want you to have it.	machine	gemma-4-31B-it/qat-UD-Q4_K_XL/v2+story-v1/llama.cpp-b11443/t0	2026-10-07		
C129_070_51	a8d348b2abbd05512cd83a27a749b56040252ad8	Iyo: As a testament to our\nresolve, independent of the\nprophecy.	machine	gemma-4-31B-it/qat-UD-Q4_K_XL/v2+story-v1/llama.cpp-b11443/t0	2026-10-07		
C129_070_52	7d7fac452121ce1224e2c26093eae0f3e236f2c3	I understand. I'll keep it safe.	machine	gemma-4-31B-it/qat-UD-Q4_K_XL/v2+story-v1/llama.cpp-b11443/t0	2026-10-07		
C129_070_53	f35f9c8a08b293c995dbf4a872e37e7c9d9ba434	Iyo: Yes. I will be praying for\nthe safety of your voyage.	machine	gemma-4-31B-it/qat-UD-Q4_K_XL/v2+story-v1/llama.cpp-b11443/t0	2026-10-07		
