address	topic	symbol
012c10fc	ui_lambdas	CBattleManager::BattleTimeFrame @012c10fc (for 012c1158)
013a4cfc	ownership	CPartyManager::SetupCharacter_Local(int,bool)
013a4e48	ownership	CPartyManager::IsMultiplaySendCharacter(int)
013ca114	mission_api	CStageManager::CallMissionStart(void)
013cadb8	mission_api	CStageManager::CallMissionEnd(void)
013f1598	ownership	CBattleUtility::CreateCharacter(CBattleUtility::CreateCharacterInfo,bool,bool,CBattleUtility::CreateCharacterSceneType)
0150d248	framing	GameRPC::GameProtocol::Serialize(GameRPC::GameProtocoledData *,signed * *,unsigned long,void const *,unsigned long,unsigned long *)
0150d394	framing	GameRPC::GameProtocol::Deserialize(signed const *,unsigned long,unsigned long *,GameRPC::GameProtocoledData *,Aska::Status &)
0150d3fc	framing	GameRPC::GameProtocoledData::Deserialize(signed const *,unsigned long *,unsigned long)
0150fdb0	framing	GameRPC::GameProtocoledData::_read_header(signed *,unsigned int)
015926a0	framing	MO::BattleProtocol::Serialize(MO::BattleProtocoledData *,signed * *,unsigned long,void const *,unsigned long,unsigned long *)
015926f8	framing	MO::BattleProtocol::Deserialize(signed const *,unsigned long,unsigned long *,MO::BattleProtocoledData *,Aska::Status &)
01592760	framing	MO::BattleProtocoledData::Deserialize(signed const *,unsigned long *,unsigned long)
01592d7c	framing	MO::BattleProtocol::CheckRecast(MO::BattleProtocol::FunctionID,long)
01592d84	framing	MO::BattleProtocol::CheckTime(unsigned long *)
01592dec	framing	MO::BattleProtocoledData::_read_header(signed *,unsigned int)
01592f40	battle_messages	MO::BattleProtocoledData::GetFID(void)
01592f5c	battle_messages	MO::BattleProtocoledData::GetProtocolError(MO::BattleProtocol::FunctionID &,Aska::Status &)
01593198	framing	MO::BattleProtocoledData::_write_header(unsigned int,MO::BattleProtocol::FunctionID,unsigned int,signed)
015932b0	battle_messages	MO::BattleProtocoledData::GetStamp(unsigned int &)
015932ec	battle_messages	MO::BattleProtocoledData::GetStampPush(int &,unsigned int &)
01593324	battle_messages	MO::BattleProtocoledData::GetMissionStartPush(unsigned char * &,signed * &,unsigned int &,Aska::Cryption::TChaCha20<false> *)
01593598	battle_messages	MO::BattleProtocoledData::GetMissionEnd(signed * &,MO::DeviceType &,signed * &,unsigned int &,Aska::Cryption::TChaCha20<false> *)
01593848	battle_messages	MO::BattleProtocoledData::GetMissionEndPush(signed * &,unsigned int &,Aska::Cryption::TChaCha20<false> *)
01593ab0	battle_messages	MO::BattleProtocoledData::GetMissionContinue(signed * &,MO::DeviceType &,unsigned char &,Aska::Cryption::TChaCha20<false> *)
01593d4c	battle_messages	MO::BattleProtocoledData::GetMissionContinueRes(signed * &,unsigned int &,Aska::Cryption::TChaCha20<false> *)
01593fb4	battle_messages	MO::BattleProtocoledData::GetStartBattleStage(void)
01593fcc	battle_messages	MO::BattleProtocoledData::GetStartBattleStageRes(unsigned char * &)
01593ffc	battle_messages	MO::BattleProtocoledData::GetFinishBattleStage(void)
01594014	battle_messages	MO::BattleProtocoledData::GetFinishBattleStageRes(void)
0159402c	battle_messages	MO::BattleProtocoledData::GetForceWinBattleStagePush(void)
01594044	battle_messages	MO::BattleProtocoledData::GetStartRushCombo(signed &,signed &,float &)
015940ac	battle_messages	MO::BattleProtocoledData::GetStartRushComboRes(signed &,signed &)
015940e4	battle_messages	MO::BattleProtocoledData::GetSyncStartRushCombo(signed &,unsigned char &,float &)
0159413c	battle_messages	MO::BattleProtocoledData::GetSyncStartRushComboRes(signed &,signed &,unsigned char &,unsigned char &,float &,unsigned int &)
01594194	battle_messages	MO::BattleProtocoledData::GetSyncFinishRushCombo(float &,int &)
015941cc	battle_messages	MO::BattleProtocoledData::GetSyncFinishRushComboRes(float &,int &,unsigned char &)
0159420c	battle_messages	MO::BattleProtocoledData::GetAIParameter(MO::HateParameter * &,unsigned int &)
01594294	battle_messages	MO::BattleProtocoledData::GetAIParameterRes(MO::HateParameter * &,unsigned int &)
0159431c	battle_messages	MO::BattleProtocoledData::GetDebugMessage(unsigned int &)
0159434c	battle_messages	MO::BattleProtocoledData::GetDebugMessageRes(unsigned int &)
0159437c	battle_messages	MO::BattleProtocoledData::GetRequestProxy(signed * &,unsigned int &,unsigned short &)
015943c4	battle_messages	MO::BattleProtocoledData::GetRequestProxyResult(Aska::Status &)
01594414	battle_messages	MO::BattleProtocoledData::GetPacket(MultiplayRPC::Message * &,unsigned int &,signed * &,unsigned int &)
015944a0	battle_messages	MO::BattleProtocoledData::GetPacketRes(MultiplayRPC::Message * &,unsigned int &,signed * &,unsigned int &)
0159452c	battle_messages	MO::BattleProtocoledData::GetSnapshot(signed * &,unsigned int &)
01594588	battle_messages	MO::BattleProtocoledData::GetSnapshotRes(signed * &,unsigned int &)
015945c8	battle_messages	MO::BattleProtocoledData::GetMessage(int &,MultiplayRPC::Message * &,unsigned int &)
01594658	battle_messages	MO::BattleProtocoledData::GetMessageRes(MultiplayRPC::Message * &,unsigned int &)
015946e0	battle_messages	MO::BattleProtocoledData::GetStartMultiplay(void)
015946f8	battle_messages	MO::BattleProtocoledData::GetStartMultiplayRes(MultiplayRPC::PlayerDetailInfo * &,unsigned short &)
01594734	battle_messages	MO::BattleProtocoledData::GetUpdatePlayerList(void)
0159474c	battle_messages	MO::BattleProtocoledData::GetUpdatePlayerListResult(MultiplayRPC::PlayerDetailInfo * &,unsigned short &,signed &,unsigned long &)
015947c4	battle_messages	MO::BattleProtocoledData::GetEnterRoom(MultiplayRPC::PlayerDetailInfo * &,int &)
015947fc	battle_messages	MO::BattleProtocoledData::GetEnterRoomResult(int &,Aska::Status &,MultiplayRPC::PlayerDetailInfo * &,int &)
01594868	battle_messages	MO::BattleProtocoledData::GetExitRoom(MultiplayRPC::ExitType &,int &)
015948bc	battle_messages	MO::BattleProtocoledData::GetExitRoomRes(MultiplayRPC::ExitType &)
015948ec	battle_messages	MO::BattleProtocoledData::GetExitRoomPush(MultiplayRPC::ExitType &)
0159491c	battle_messages	MO::BattleProtocoledData::GetChangePublicRoom(signed &)
0159494c	battle_messages	MO::BattleProtocoledData::GetChangePublicRoomRes(Aska::Status &)
0159499c	battle_messages	MO::BattleProtocoledData::GetUpdatePlayerStatus(MultiplayRPC::PlayerDetailInfo * &,signed &)
015949d4	battle_messages	MO::BattleProtocoledData::GetUpdatePlayerStatusRes(Aska::Status &)
01594a24	battle_messages	MO::BattleProtocoledData::GetRSSIPush(float * &)
01594a54	battle_messages	MO::BattleProtocoledData::GetDisconnectNodePush(int &,int &)
01594a8c	battle_messages	MO::BattleProtocoledData::GetReconnect(int &)
0159525c	battle_messages	MO::BattleProtocoledData::SetMissionEnd(signed const *,MO::DeviceType,signed const *,unsigned int,Aska::Cryption::TChaCha20<false> *)
01598b98	battle_messages	MO::BattleProtocoledData::SetMessage(int,MultiplayRPC::Message const *,unsigned int)
01599338	battle_messages	MO::BattleProtocoledData::SetStartMultiplayRes(MultiplayRPC::PlayerDetailInfo const *,unsigned short)
015998fc	battle_messages	MO::BattleProtocoledData::SetEnterRoom(MultiplayRPC::PlayerDetailInfo const &,int)
0159afb0	framing	MO::BattleProtocol::GetFunctionName(MO::BattleProtocol::FunctionID)
015a190c	manager	CMultiplayManager::IsMultiplay(void)
015a191c	manager	IMultiplayNotify::OnProtocolError(MO::BattleProtocol::FunctionID,Aska::Status)
015a1c48	manager	CMultiplayManager::OnReceiveCommon(void)
015a1c60	manager	CMultiplayManager::OnStart(Aska::Status)
015a1ce4	manager	CMultiplayManager::OnSnapshotRes(void const *,unsigned long)
015a1d94	manager	CMultiplayManager::OnMessageRes(MultiplayRPC::Message const *,unsigned long)
015a1e6c	manager	CMultiplayManager::OnRSSIPush(float *)
015a206c	manager	CMultiplayManager::OnDisconnectNodePush(signed,signed)
015a2100	manager	CMultiplayManager::OnStampPush(unsigned int,unsigned int)
015a219c	manager	CMultiplayManager::OnMissionStartPush(unsigned char *,void const *,unsigned long)
015a24ec	manager	CMultiplayManager::OnMissionEndPush(void const *,unsigned long)
015a2638	manager	CMultiplayManager::OnMissionContinueRes(void const *,unsigned long)
015a2774	manager	CMultiplayManager::OnStartBattleStageRes(unsigned char *)
015a2960	manager	CMultiplayManager::OnFinishBattleStageRes(void)
015a2cb8	manager	CMultiplayManager::OnForceWinBattleStagePush(void)
015a2d6c	manager	CMultiplayManager::OnStartRushComboRes(signed,signed)
015a3028	manager	CMultiplayManager::OnSyncStartRushComboRes(signed,signed,unsigned char,unsigned char,float,unsigned int)
015a3440	manager	CMultiplayManager::OnSyncFinishRushComboRes(float,int,unsigned char)
015a3670	manager	CMultiplayManager::OnAIParameterRes(MO::HateParameter *,unsigned long)
015a3bf4	manager	CMultiplayManager::Initialize(char const *,unsigned short,IMatchingNotify *)
015a3c34	manager	CMultiplayManager::InitMatchingClient(char const *,unsigned short,IMatchingNotify *)
015a43b8	manager	CMultiplayManager::Progress(void)
015a5258	manager	CMultiplayManager::PackCharacterParameterPlayer(CMultiplayManager::CharacterParameterPlayer *)
015a5400	manager	CMultiplayManager::PackCharacterParameterEnemy(CMultiplayManager::CharacterParameterEnemy *)
015a558c	manager	CMultiplayManager::PackDamageUIParameter(CMultiplayManager::DamageUIParameter *)
015a55f0	manager	CMultiplayManager::PackEnemyHateParameter(int,MO::EnemyHate *)
015a5940	manager	CMultiplayManager::SendAIParameter(MO::HateParameter const *,unsigned long)
015a59f8	manager	CMultiplayManager::SendSyncStartRushCombo(signed,unsigned char,float)
015a6178	manager	CMultiplayManager::IsSendCharacter(CCharacterObject *)
015a618c	manager	CMultiplayManager::SetSendCharacter(CCharacterObject *,bool)
015a6c48	manager	CMultiplayManager::SendMessage(MultiplayRPC::Message const *,bool)
015a6c64	manager	CMultiplayManager::SendStamp(unsigned int)
015a6c80	manager	CMultiplayManager::SendMissionEnd(void)
015a719c	manager	CMultiplayManager::SendMissionContinue(bool)
015a7290	manager	CMultiplayManager::SendStartBattleStage(void)
015a733c	manager	CMultiplayManager::SendFinishBattleStage(void)
015a73c0	manager	CMultiplayManager::SendStartRushCombo(signed,signed,float)
015a7400	manager	CMultiplayManager::SendSyncFinishRushCombo(float,int)
015a7568	manager	CMultiplayManager::InitBattleRPCClient(char const *,unsigned short,IMultiplayNotify *)
015a7cec	manager	CMultiplayManager::InitMultiplayManager(MultiplayRPC::PlayerDetailInfo const *)
015b50fc	framing	TProtocolSuite<MultiplayRPC::LobbyProtocol,NoProtocol<1>,NoProtocol<2>>::Open(Socket *,IPAddress const &,Aska::TSharedPointer<URI>)
017f856c	ui_flow	CParameterPlayer::CopyForMultiplay(MultiplayRPC::PlayerDetailInfo *)
01839aa8	ui_flow	CParameterUtility::IsOpenMulti(bool)
01ce68d4	ui_flow	CMissionMenu::ToMultiUI_ParameterUISet(void)
01ce6c1c	ui_flow	CMissionMenu::ToMultiUI(unsigned int,std::__ndk1::function<void ()> const &)
01cfd0e0	ui_flow	CMultiPlay3::IsHost(void)
01d00494	ui_flow	CMultiPlay3::StateInit(void)
01d041a4	ui_flow	CMultiPlay3::InitializeEx(CMultiPlay3::eMode,std::__ndk1::function<void (bool)> const &)
01d055a4	ui_flow	CMultiPlay3::IsEnableBattleStart(void)
01d05618	ui_flow	CMultiPlay3::Server_UpdatePlayerStatus(unsigned int,bool,bool,std::__ndk1::function<void ()> const &)
01d05d00	ui_flow	CMultiPlay3::Server_BattleStart(std::__ndk1::function<void ()>)
01d06150	ui_flow	CMultiPlay3::Server_CreateRoomContdition(MultiplayRPC::RoomCondition *,bool)
01d062f8	ui_flow	CMultiPlay3::Server_CreatePlayerInfo(MultiplayRPC::PlayerDetailInfo &)
01d06348	ui_flow	CMultiPlay3::Server_CreatePlayerInfo(MultiplayRPC::PlayerDetailInfo &,int)
01d06fc4	ui_flow	CMultiPlay3::UpdatePlayerListEx(MultiplayRPC::PlayerDetailInfo const *,unsigned short)
01d07cc4	ui_flow	CMultiPlay3::RoomInfo2RoomData(MultiplayRPC::RoomInfo const &,bool)
01d07f4c	ui_flow	CMultiPlay3::Server_InitializeCommon(void)
01d08900	ui_flow	CMultiPlay3::Server_MultiPlayCbkReset(void)
01d0896c	ui_flow	CMultiPlay3::Server_ErrorCallback_default(void)
01d096b4	ui_flow	CMultiPlay3::GetLobbyOpenedMaxTime(void)
01d09868	ui_flow	CMultiPlay3::Server_CreateRoomHost(std::__ndk1::function<void ()>,std::__ndk1::function<void ()>)
01d09d68	ui_flow	CMultiPlay3::Server_AutoMatching(void)
01d09e60	ui_flow	CMultiPlay3::Server_CreateRoomList(std::__ndk1::function<void ()>,std::__ndk1::function<void ()>,bool)
01d0a6e0	ui_flow	CMultiPlay3::Server_UpdateRoom(std::__ndk1::function<void ()>)
01d0aad8	ui_flow	CMultiPlay3::Server_UpdateRoomOne(std::__ndk1::function<void ()>)
01d0ac44	ui_flow	CMultiPlay3::Server_SearchRoom(std::__ndk1::basic_string<char,std::__ndk1::char_traits<char>,Framework::CSTLAllocator<char,Framework::CSTLStringAllocatorInf>> const &,std::__ndk1::function<void ()>,st
01d0b240	ui_flow	CMultiPlay3::Server_JoinRoom(unsigned int,unsigned int,std::__ndk1::function<void ()>,std::__ndk1::function<void ()>)
01d0b838	ui_flow	CMultiPlay3::Server_RegistExitPush(bool)
01d0b8ec	ui_flow	CMultiPlay3::Server_ExitRoom(bool,std::__ndk1::function<void ()>,std::__ndk1::function<void ()>)
01d0bda4	ui_flow	CMultiPlay3::Server_RegistExitRes(bool,std::__ndk1::function<void ()>)
01d0c380	ui_flow	CMultiPlay3::Server_BanExitRoom(unsigned int,std::__ndk1::function<void ()>,std::__ndk1::function<void ()>)
01d0c954	ui_flow	CMultiPlay3::Server_UpdatePublicRoom(bool,std::__ndk1::function<void ()>,std::__ndk1::function<void ()>)
01d0e614	ui_flow	CMultiPlay3::RetryAutoMatch(void)
01d1592c	ui_lambdas	FUN_01d1592c @01d1592c (for 01d15940)
01d1a1cc	ui_lambdas	@01d1a1cc
01d1a588	ui_lambdas	@01d1a588
01d1af10	ui_lambdas	FUN_01d1af10 @01d1af10 (for 01d1af34)
01d1afe8	ui_lambdas	FUN_01d1afe8 @01d1afe8 (for 01d1b00c)
01d1b5cc	ui_lambdas	FUN_01d1b5cc @01d1b5cc (for 01d1b5e8)
01d1b874	ui_lambdas	FUN_01d1b874 @01d1b874 (for 01d1b890)
01d1d854	ui_lambdas	@01d1d854
01d1d9dc	ui_lambdas	@01d1d9dc
01d1dae0	ui_lambdas	@01d1dae0
01d1e2ec	ui_lambdas	@01d1e2ec
01d1eb28	ui_lambdas	@01d1eb28
01d1f2cc	ui_lambdas	FUN_01d1f2cc @01d1f2cc (for 01d1f2f0)
01d1ff48	ui_lambdas	FUN_01d1ff48 @01d1ff48 (for 01d1ff6c)
01d20a1c	ui_lambdas	FUN_01d20a1c @01d20a1c (for 01d20a3c)
01d21610	ui_lambdas	@01d21610
01eb2a20	ui_flow	CUIMatchingNotify::OnEnterLobbyResult(Aska::Status)
01eb2a5c	ui_flow	CUIMatchingNotify::OnCreateRoomResult(MultiplayRPC::RoomInfo &)
01eb2a84	ui_flow	CUIMatchingNotify::OnCloseRoomResult(Aska::Status)
01eb2ac0	ui_flow	CUIMatchingNotify::OnAutomatchResult(MultiplayRPC::RoomInfo &,int)
01eb2af8	ui_flow	CUIMatchingNotify::OnUpdateRoomInfoResult(MultiplayRPC::RoomInfo &)
01eb2b20	ui_flow	CUIMatchingNotify::OnGetRoomListResult(MultiplayRPC::RoomInfo *,unsigned int &,int,int)
01eb2b58	ui_flow	CUIMatchingNotify::OnUpdateRoomListResult(MultiplayRPC::RoomInfo *,unsigned int &)
01eb2b94	ui_flow	CUIMatchingNotify::OnEnterRoomResult(int,Aska::Status,MultiplayRPC::PlayerDetailInfo *,int)
01eb2c4c	ui_flow	CUIMatchingNotify::OnExitRoomRes(MultiplayRPC::ExitType)
01eb2cbc	ui_flow	CUIMatchingNotify::OnExitRoomPush(MultiplayRPC::ExitType)
01eb2d2c	ui_flow	CUIMatchingNotify::OnChangePublicRoomRes(Aska::Status)
01eb2da4	ui_flow	CUIMatchingNotify::OnRequestProxyResult(Aska::Status)
01eb2e1c	ui_flow	CUIMatchingNotify::OnUpdatePlayerListResult(MultiplayRPC::PlayerDetailInfo *,unsigned short,signed,unsigned long)
01eb2ebc	ui_flow	CUIMatchingNotify::OnUpdatePlayerStatusRes(Aska::Status)
01eb2f34	ui_flow	CUIMatchingNotify::OnStartMultiplayRes(MultiplayRPC::PlayerDetailInfo *,unsigned short)
01eb3074	ui_flow	CUIMatchingNotify::OnProtocolError(Aska::Status)
01eb30b0	ui_flow	CUIMatchingNotify::OnError(Aska::Status)
01eb30ec	ui_flow	CUIMatchingNotify::OnProtocolError(MO::BattleProtocol::FunctionID,Aska::Status)
01eb31b8	ui_flow	CUIMatchingNotify::OnError(Aska::Status,char const *)
01eb3284	ui_flow	CUIMatchingNotify::OnDisconnect(void)
01eb32f8	ui_flow	CUIMatchingNotify::OnMatchingDisconnect(void)
01ee6404	ownership	CUIUtility::SetMultiplayHost(bool)
01ee6488	ownership	CUIUtility::IsMultiplayHost(void)
022f5b00	ui_flow	MatchingClient::MatchingClient(void)
022f5b58	ui_flow	MatchingClient::Init(Aska::TSharedPointer<URI>,IMatchingNotify *)
022f5cc0	ui_flow	MatchingClient::Term(void)
022f61a0	ui_flow	MatchingClient::ResetPeer(void)
022f627c	ui_flow	MatchingClient::OnEnterLobbyResult(Aska::Status)
022f62b8	ui_flow	MatchingClient::OnCreateRoomResult(MultiplayRPC::RoomInfo &)
022f62dc	ui_flow	MatchingClient::OnGetRoomListResult(MultiplayRPC::RoomInfo *,unsigned int &,int,int)
022f6300	ui_flow	MatchingClient::OnUpdateRoomListResult(MultiplayRPC::RoomInfo *,unsigned int &)
022f6324	ui_flow	MatchingClient::OnCloseRoomResult(Aska::Status)
022f634c	ui_flow	MatchingClient::OnUpdateRoomInfoResult(MultiplayRPC::RoomInfo &)
022f6370	ui_flow	MatchingClient::OnMatchingDisconnect(void)
022f6388	ui_flow	MatchingClient::OnAutomatchResult(Aska::Status,MultiplayRPC::RoomInfo &,int)
022f63b4	ui_flow	MatchingClient::LobbyProtocolNotify::OnProtocolError(MultiplayRPC::LobbyProtocol::FunctionID,Aska::Status)
022f63fc	ui_flow	MatchingClient::LobbyProtocolNotify::OnError(Aska::Status,char const *)
022f6460	ui_flow	MatchingClient::LobbyProtocolNotify::OnDisconnect(void)
022f647c	ui_flow	MatchingClient::LobbyProtocolNotify::OnEnterLobbyResult(Aska::Status)
022f64b8	ui_flow	MatchingClient::LobbyProtocolNotify::OnCreateRoomResult(MultiplayRPC::RoomInfo &)
022f64dc	ui_flow	MatchingClient::LobbyProtocolNotify::OnCloseRoomResult(Aska::Status)
022f6508	ui_flow	MatchingClient::LobbyProtocolNotify::OnGetRoomListResult(MultiplayRPC::RoomInfo *,unsigned int &,int,int)
022f652c	ui_flow	MatchingClient::LobbyProtocolNotify::OnUpdateRoomInfoResult(MultiplayRPC::RoomInfo &)
022f6550	ui_flow	MatchingClient::LobbyProtocolNotify::OnAutomatchResult(Aska::Status,MultiplayRPC::RoomInfo &,int)
022f657c	ui_flow	MatchingClient::LobbyProtocolNotify::OnUpdateRoomListResult(MultiplayRPC::RoomInfo *,unsigned int &)
022f7540	manager	IMultiplayManagerBase::Init(unsigned long,unsigned long)
022f76f0	manager	IMultiplayManagerBase::Run(int)
022f7758	manager	IMultiplayManagerBase::RunMessage(void)
022f7834	manager	IMultiplayManagerBase::RunSnapshot(void)
022f7898	manager	IMultiplayManagerBase::FlushSendMessage(void)
022f7934	manager	IMultiplayManagerBase::FlushSendSnapshot(void)
022f8aa4	framing	MultiplayRPC::LobbyProtocol::Serialize(MultiplayRPC::LobbyProtocoledData *,signed * *,unsigned long,void const *,unsigned long,unsigned long *)
022f8afc	framing	MultiplayRPC::LobbyProtocol::Deserialize(signed const *,unsigned long,unsigned long *,MultiplayRPC::LobbyProtocoledData *,Aska::Status &)
022f8b64	framing	MultiplayRPC::LobbyProtocoledData::Deserialize(signed const *,unsigned long *,unsigned long)
022f8e84	framing	MultiplayRPC::LobbyProtocol::CheckRecast(MultiplayRPC::LobbyProtocol::FunctionID,long)
022f8e8c	framing	MultiplayRPC::LobbyProtocol::CheckTime(unsigned long *)
022f8ef4	framing	MultiplayRPC::LobbyProtocoledData::_read_header(signed *,unsigned int)
022f9048	lobby_messages	MultiplayRPC::LobbyProtocoledData::GetFID(void)
022f9064	lobby_messages	MultiplayRPC::LobbyProtocoledData::GetProtocolError(MultiplayRPC::LobbyProtocol::FunctionID &,Aska::Status &)
022f92a0	framing	MultiplayRPC::LobbyProtocoledData::_write_header(unsigned int,MultiplayRPC::LobbyProtocol::FunctionID,unsigned int,signed)
022f93b8	lobby_messages	MultiplayRPC::LobbyProtocoledData::GetEnterLobby(MultiplayRPC::PlayerInfo * &)
022f93e8	lobby_messages	MultiplayRPC::LobbyProtocoledData::GetEnterLobbyResult(Aska::Status &)
022f9438	lobby_messages	MultiplayRPC::LobbyProtocoledData::GetCreateRoom(MultiplayRPC::PlayerInfo * &,MultiplayRPC::RoomCondition * &)
022f9470	lobby_messages	MultiplayRPC::LobbyProtocoledData::GetCreateRoomResult(MultiplayRPC::RoomInfo * &)
022f94a0	lobby_messages	MultiplayRPC::LobbyProtocoledData::GetCloseRoom(int &,unsigned int &)
022f94d8	lobby_messages	MultiplayRPC::LobbyProtocoledData::GetCloseRoomResult(Aska::Status &)
022f9528	lobby_messages	MultiplayRPC::LobbyProtocoledData::GetGetRoomList(MultiplayRPC::PlayerInfo * &,MultiplayRPC::RoomCondition * &,int &,int &)
022f9590	lobby_messages	MultiplayRPC::LobbyProtocoledData::GetGetRoomListResult(MultiplayRPC::RoomInfo * &,unsigned int &,int &,int &)
022f95ec	lobby_messages	MultiplayRPC::LobbyProtocoledData::GetUpdateRoomInfo(MultiplayRPC::RoomInfo * &)
022f961c	lobby_messages	MultiplayRPC::LobbyProtocoledData::GetUpdateRoomInfoResult(MultiplayRPC::RoomInfo * &)
022f964c	lobby_messages	MultiplayRPC::LobbyProtocoledData::GetAutomatch(MultiplayRPC::PlayerInfo * &,MultiplayRPC::RoomCondition * &)
022f9684	lobby_messages	MultiplayRPC::LobbyProtocoledData::GetAutomatchResult(Aska::Status &,MultiplayRPC::RoomInfo * &,int &)
022f96e4	lobby_messages	MultiplayRPC::LobbyProtocoledData::SetEnterLobby(MultiplayRPC::PlayerInfo const &)
022f9aa4	lobby_messages	MultiplayRPC::LobbyProtocoledData::SetCreateRoom(MultiplayRPC::PlayerInfo const &,MultiplayRPC::RoomCondition const &)
022f9e80	lobby_messages	MultiplayRPC::LobbyProtocoledData::SetCloseRoom(int,unsigned int)
022fa238	lobby_messages	MultiplayRPC::LobbyProtocoledData::SetGetRoomList(MultiplayRPC::PlayerInfo const &,MultiplayRPC::RoomCondition const &,int,int)
022fadec	framing	MultiplayRPC::LobbyProtocol::GetFunctionName(MultiplayRPC::LobbyProtocol::FunctionID)
